1148.6	2.35122E-11
1149.8	2.47051E-11
1151	2.39156E-11
1152.2	2.3647E-11
1153.4	2.39481E-11
1154.5	2.35746E-11
1155.7	2.44535E-11
1156.9	2.53419E-11
1158.1	2.40624E-11
1159.3	2.41457E-11
1160.4	2.47751E-11
1161.6	2.49757E-11
1162.8	2.44693E-11
1164	2.36007E-11
1165.2	2.37701E-11
1166.3	2.2825E-11
1167.5	2.30737E-11
1168.7	2.37589E-11
1169.9	2.404E-11
1171.1	2.35312E-11
1172.2	2.31221E-11
1173.4	2.31814E-11
1174.6	2.2922E-11
1175.8	2.38213E-11
1177	2.38165E-11
1178.1	2.39258E-11
1179.3	2.42093E-11
1180.5	2.41379E-11
1181.7	2.41333E-11
1182.9	2.3623E-11
1184	2.38852E-11
1185.2	2.34881E-11
1186.4	2.18157E-11
1187.6	2.17917E-11
1188.8	2.1608E-11
1189.9	2.16476E-11
1191.1	2.2148E-11
1192.3	2.22875E-11
1193.5	2.16764E-11
1194.7	2.09081E-11
1195.8	2.02448E-11
1197	2.0019E-11
1198.2	2.01453E-11
1199.4	2.00865E-11
1200.6	1.99359E-11
1201.7	2.04004E-11
1202.9	2.02289E-11
1204.1	1.96565E-11
1205.3	1.98903E-11
1206.5	1.99608E-11
1207.6	2.01644E-11
1208.8	1.89724E-11
1210	1.81326E-11
1211.2	1.73141E-11
1212.4	1.55575E-11
1213.5	1.41108E-11
1214.7	1.21869E-11
1215.9	1.28658E-11
1217.1	1.53525E-11
1218.3	1.71287E-11
1219.4	1.89557E-11
1220.6	2.00856E-11
1221.8	1.98441E-11
1223	1.95334E-11
1224.2	2.01524E-11
1225.3	2.02837E-11
1226.5	2.00215E-11
1227.7	1.95455E-11
1228.9	1.94894E-11
1230	1.89418E-11
1231.2	1.81207E-11
1232.4	1.78702E-11
1233.6	1.79177E-11
1234.8	1.75727E-11
1235.9	1.81161E-11
1237.1	1.79979E-11
1238.3	1.69348E-11
1239.5	1.68865E-11
1240.7	1.7104E-11
1241.8	1.64562E-11
1243	1.6776E-11
1244.2	1.71337E-11
1245.4	1.68505E-11
1246.6	1.7741E-11
1247.7	1.7726E-11
1248.9	1.74332E-11
1250.1	1.65555E-11
1251.3	1.52373E-11
1252.5	1.52783E-11
1253.6	1.61033E-11
1254.8	1.62511E-11
1256	1.64912E-11
1257.2	1.60407E-11
1258.4	1.54595E-11
1259.5	1.57919E-11
1260.7	1.62783E-11
1261.9	1.62923E-11
1263.1	1.63214E-11
1264.3	1.6716E-11
1265.4	1.58481E-11
1266.6	1.61865E-11
1267.8	1.66698E-11
1269	1.64251E-11
1270.2	1.69468E-11
1271.3	1.65324E-11
1272.5	1.73267E-11
1273.7	1.78114E-11
1274.9	1.83603E-11
1276.1	1.67287E-11
1277.2	1.66538E-11
1278.4	1.70725E-11
1279.6	1.73414E-11
1280.8	1.70871E-11
1282	1.68522E-11
1283.1	1.65314E-11
1284.3	1.6455E-11
1285.5	1.74376E-11
1286.7	1.73891E-11
1287.9	1.7843E-11
1289	1.87381E-11
1290.2	1.9316E-11
1291.4	1.92979E-11
1292.6	1.85483E-11
1293.8	1.77459E-11
1294.9	1.77321E-11
1296.1	1.76179E-11
1297.3	1.71692E-11
1298.5	1.71375E-11
1299.7	1.59348E-11
1300.8	1.47235E-11
1302	1.43751E-11
1303.2	1.49834E-11
1304.4	1.56462E-11
1305.6	1.53183E-11
1306.7	1.57065E-11
1307.9	1.54626E-11
1309.1	1.45642E-11
1310.3	1.51806E-11
1311.5	1.53072E-11
1312.6	1.5058E-11
1313.8	1.55372E-11
1315	1.51419E-11
1316.2	1.54806E-11
1317.3	1.52708E-11
1318.5	1.49098E-11
1319.7	1.56272E-11
1320.9	1.55415E-11
1322.1	1.57581E-11
1323.2	1.52609E-11
1324.4	1.52895E-11
1325.6	1.53605E-11
1326.8	1.54746E-11
1328	1.50673E-11
1329.1	1.56213E-11
1330.3	1.55501E-11
1331.5	1.48371E-11
1332.7	1.46207E-11
1333.9	1.41314E-11
1335	1.41341E-11
1336.2	1.44108E-11
1337.4	1.46794E-11
1338.6	1.55571E-11
1339.8	1.58326E-11
1340.9	1.59676E-11
1342.1	1.60274E-11
1343.3	1.62362E-11
1344.5	1.63422E-11
1345.7	1.59417E-11
1346.8	1.59892E-11
1348	1.57998E-11
1349.2	1.5584E-11
1350.4	1.57873E-11
1351.6	1.57158E-11
1352.7	1.58208E-11
1353.9	1.58073E-11
1355.1	1.59989E-11
1356.3	1.54925E-11
1357.5	1.51828E-11
1358.6	1.49502E-11
1359.8	1.43708E-11
1361	1.41487E-11
1362.2	1.43731E-11
1363.4	1.47498E-11
1364.5	1.44972E-11
1365.7	1.55783E-11
1366.9	1.54653E-11
1368.1	1.52264E-11
1369.3	1.50188E-11
1370.4	1.44523E-11
1371.6	1.39437E-11
1372.8	1.40093E-11
1374	1.38184E-11
1375.2	1.38325E-11
1376.3	1.4528E-11
1377.5	1.46639E-11
1378.7	1.44908E-11
1379.9	1.51473E-11
1381.1	1.53738E-11
1382.2	1.52929E-11
1383.4	1.50015E-11
1384.6	1.53103E-11
1385.8	1.44621E-11
1387	1.40178E-11
1388.1	1.40991E-11
1389.3	1.4469E-11
1390.5	1.47397E-11
1391.7	1.44325E-11
1392.9	1.45946E-11
1394	1.45046E-11
1395.2	1.47489E-11
1396.4	1.46424E-11
1397.6	1.44433E-11
1398.8	1.49596E-11
1399.9	1.49361E-11
1401.1	1.51598E-11
1402.3	1.44527E-11
1403.5	1.44546E-11
1404.7	1.42188E-11
1405.8	1.40406E-11
1407	1.39394E-11
1408.2	1.30708E-11
1409.4	1.35134E-11
1410.5	1.41934E-11
1411.7	1.45662E-11
1412.9	1.46355E-11
1414.1	1.46242E-11
1415.3	1.47209E-11
1416.4	1.4483E-11
1417.6	1.42733E-11
1418.8	1.41576E-11
1420	1.35599E-11
1421.2	1.39162E-11
1422.3	1.48474E-11
1423.5	1.4877E-11
1424.7	1.46078E-11
1425.9	1.50056E-11
1427.1	1.50218E-11
1428.2	1.43105E-11
1429.4	1.42339E-11
1430.6	1.42756E-11
1431.8	1.40432E-11
1433	1.50362E-11
1434.1	1.48618E-11
1435.3	1.46334E-11
1436.5	1.45955E-11
1437.7	1.40441E-11
1438.9	1.38538E-11
1440	1.3871E-11
1441.2	1.36076E-11
1442.4	1.39399E-11
1443.6	1.38273E-11
1444.8	1.34529E-11
1445.9	1.31873E-11
1447.1	1.31533E-11
1448.3	1.29872E-11
1449.5	1.2729E-11
1450.7	1.3076E-11
1451.8	1.29246E-11
1453	1.26328E-11
1454.2	1.2257E-11
1455.4	1.23728E-11
1456.6	1.2816E-11
1457.7	1.34368E-11
1458.9	1.30491E-11
1460.1	1.27546E-11
1461.3	1.31025E-11
1462.5	1.28186E-11
1463.6	1.23933E-11
1464.8	1.24645E-11
1466	1.31269E-11
1467.2	1.30814E-11
1468.4	1.27862E-11
1469.5	1.30284E-11
1470.7	1.28998E-11
1471.9	1.25509E-11
1473.1	1.26231E-11
1474.3	1.27192E-11
1475.4	1.2457E-11
1476.6	1.21873E-11
1477.8	1.25314E-11
1479	1.25111E-11
1480.2	1.27818E-11
1481.3	1.27981E-11
1482.5	1.22474E-11
1483.7	1.24778E-11
1484.9	1.25037E-11
1486.1	1.25065E-11
1487.2	1.27671E-11
1488.4	1.24564E-11
1489.6	1.23337E-11
1490.8	1.23707E-11
1492	1.23167E-11
1493.1	1.22083E-11
1494.3	1.23014E-11
1495.5	1.24068E-11
1496.7	1.25476E-11
1497.8	1.26568E-11
1499	1.25785E-11
1500.2	1.24203E-11
1501.4	1.23663E-11
1502.6	1.22785E-11
1503.7	1.23398E-11
1504.9	1.24801E-11
1506.1	1.22553E-11
1507.3	1.22923E-11
1508.5	1.18944E-11
1509.6	1.18661E-11
1510.8	1.18473E-11
1512	1.19599E-11
1513.2	1.16691E-11
1514.4	1.17693E-11
1515.5	1.16874E-11
1516.7	1.16153E-11
1517.9	1.16398E-11
1519.1	1.19911E-11
1520.3	1.16889E-11
1521.4	1.16398E-11
1522.6	1.18593E-11
1523.8	1.15498E-11
1525	1.12071E-11
1526.2	1.12101E-11
1527.3	1.1122E-11
1528.5	1.14051E-11
1529.7	1.17063E-11
1530.9	1.15064E-11
1532.1	1.16267E-11
1533.2	1.16851E-11
1534.4	1.1528E-11
1535.6	1.1909E-11
1536.8	1.22235E-11
1538	1.20038E-11
1539.1	1.19756E-11
1540.3	1.16956E-11
1541.5	1.15916E-11
1542.7	1.16915E-11
1543.9	1.17056E-11
1545	1.1235E-11
1546.2	1.10943E-11
1547.4	1.13665E-11
1548.6	1.12759E-11
1549.8	1.10225E-11
1550.9	1.10883E-11
1552.1	1.13395E-11
1553.3	1.15431E-11
1554.5	1.17612E-11
1555.7	1.14335E-11
1556.8	1.15549E-11
1558	1.16546E-11
1559.2	1.1766E-11
1560.4	1.17587E-11
1561.6	1.16867E-11
1562.7	1.13836E-11
1563.9	1.12412E-11
1565.1	1.12551E-11
1566.3	1.13105E-11
1567.5	1.14187E-11
1568.6	1.11843E-11
1569.8	1.07533E-11
1571	1.09769E-11
1572.2	1.12672E-11
1573.4	1.1219E-11
1574.5	1.12033E-11
1575.7	1.10429E-11
1576.9	1.10363E-11
1578.1	1.10602E-11
1579.3	1.08518E-11
1580.4	1.0688E-11
1581.6	1.06718E-11
1582.8	1.03748E-11
1584	1.01981E-11
1585.1	1.02593E-11
1586.3	1.03196E-11
1587.5	1.0285E-11
1588.7	1.02789E-11
1589.9	1.02729E-11
1591	1.03536E-11
1592.2	1.03953E-11
1593.4	1.04757E-11
1594.6	1.04503E-11
1595.8	1.02536E-11
1596.9	1.02112E-11
1598.1	1.01959E-11
1599.3	1.00965E-11
1600.5	1.02594E-11
1601.7	1.00756E-11
1602.8	1.02582E-11
1604	1.03567E-11
1605.2	1.02182E-11
1606.4	1.01094E-11
1607.6	1.00479E-11
1608.7	9.84196E-12
1609.9	9.6213E-12
1611.1	9.7496E-12
1612.3	9.91608E-12
1613.5	9.97456E-12
1614.6	1.00162E-11
1615.8	1.0066E-11
1617	9.93143E-12
1618.2	9.76264E-12
1619.4	9.76615E-12
1620.5	9.97088E-12
1621.7	1.0039E-11
1622.9	9.91398E-12
1624.1	9.78151E-12
1625.3	9.61534E-12
1626.4	9.5935E-12
1627.6	9.82961E-12
1628.8	9.92421E-12
1630	9.855E-12
1631.2	9.77726E-12
1632.3	9.69241E-12
1633.5	9.72284E-12
1634.7	9.76238E-12
1635.9	9.47367E-12
1637.1	9.36443E-12
1638.2	9.29176E-12
1639.4	8.9673E-12
1640.6	8.70214E-12
1641.8	8.8022E-12
1643	9.01896E-12
1644.1	9.26777E-12
1645.3	9.56624E-12
1646.5	9.50842E-12
1647.7	9.46837E-12
1648.9	9.44589E-12
1650	9.32103E-12
1651.2	9.14602E-12
1652.4	9.12434E-12
1653.6	9.22084E-12
1654.8	9.08114E-12
1655.9	9.17832E-12
1657.1	9.36126E-12
1658.3	9.35633E-12
1659.5	9.21461E-12
1660.7	9.19283E-12
1661.8	9.18066E-12
1663	9.15898E-12
1664.2	9.17108E-12
1665.4	9.2171E-12
1666.6	9.19536E-12
1667.7	9.09904E-12
1668.9	8.93657E-12
1670.1	8.89092E-12
1671.3	8.76441E-12
1672.5	8.72769E-12
1673.6	8.99349E-12
1674.8	9.11393E-12
1676	8.99257E-12
1677.2	9.00455E-12
1678.3	9.1515E-12
1679.5	9.16372E-12
1680.7	8.95058E-12
1681.9	9.01221E-12
1683.1	8.94977E-12
1684.2	8.95456E-12
1685.4	8.99137E-12
1686.6	8.83909E-12
1687.8	8.7698E-12
1689	8.78967E-12
1690.1	8.83501E-12
1691.3	8.7255E-12
1692.5	8.74529E-12
1693.7	8.68478E-12
1694.9	8.72858E-12
1696	8.81414E-12
1697.2	8.71296E-12
1698.4	8.72472E-12
1699.6	8.68037E-12
1700.8	8.67611E-12
1701.9	8.60921E-12
1703.1	8.52612E-12
1704.3	8.50628E-12
1705.5	8.43972E-12
1706.7	8.51368E-12
1707.8	8.44029E-12
1709	8.35117E-12
1710.2	8.33178E-12
1711.4	8.29714E-12
1712.6	8.21712E-12
1713.7	8.14633E-12
1714.9	8.03071E-12
1716.1	7.96061E-12
1717.3	7.7757E-12
1718.5	7.88738E-12
1719.6	7.89908E-12
1720.8	7.93909E-12
1722	8.03092E-12
1723.2	8.13131E-12
1724.4	8.10505E-12
1725.5	8.19977E-12
1726.7	8.09092E-12
1727.9	8.04256E-12
1729.1	7.9651E-12
1730.3	7.92481E-12
1731.4	7.90018E-12
1732.6	7.88197E-12
1733.8	7.92198E-12
1735	7.91831E-12
1736.2	8.00262E-12
1737.3	8.05902E-12
1738.5	7.82857E-12
1739.7	7.75323E-12
1740.9	7.86473E-12
1742.1	7.86838E-12
1743.2	7.93848E-12
1744.4	7.87661E-12
1745.6	7.92396E-12
1746.8	7.9716E-12
1748	7.946E-12
1749.1	7.8705E-12
1750.3	7.8236E-12
1751.5	7.87066E-12
1752.7	7.90345E-12
1753.9	7.89991E-12
1755	7.81767E-12
1756.2	7.73542E-12
1757.4	7.68228E-12
1758.6	7.77137E-12
1759.8	7.78225E-12
1760.9	7.63066E-12
1762.1	7.46742E-12
1763.3	7.63096E-12
1764.5	7.68402E-12
1765.6	7.63918E-12
1766.8	7.72782E-12
1768	7.86081E-12
1769.2	7.81408E-12
1770.4	7.58383E-12
1771.5	7.50498E-12
1772.7	7.52248E-12
1773.9	7.63086E-12
1775.1	7.64163E-12
1776.3	7.56134E-12
1777.4	7.46898E-12
1778.6	7.43832E-12
1779.8	7.43514E-12
1781	7.39782E-12
1782.2	7.4288E-12
1783.3	7.47451E-12
1784.5	7.47822E-12
1785.7	7.41335E-12
1786.9	7.2951E-12
1788.1	7.28531E-12
1789.2	7.18313E-12
1790.4	7.1603E-12
1791.6	7.2036E-12
1792.8	7.20059E-12
1794	7.2175E-12
1795.1	7.20202E-12
1796.3	7.13303E-12
1797.5	7.12351E-12
1798.7	7.08132E-12
1799.9	7.05237E-12
1801	7.09585E-12
1802.2	7.12567E-12
1803.4	7.07046E-12
1804.6	6.98345E-12
1805.8	6.85318E-12
1806.9	6.81967E-12
1808.1	6.87364E-12
1809.3	6.95361E-12
1810.5	6.98931E-12
1811.7	7.04464E-12
1812.8	6.92041E-12
1814	6.86052E-12
1815.2	6.89577E-12
1816.4	6.91845E-12
1817.6	6.95401E-12
1818.7	6.96481E-12
1819.9	6.95563E-12
1821.1	7.0172E-12
1822.3	6.98863E-12
1823.5	6.88367E-12
1824.6	6.86272E-12
1825.8	6.84739E-12
1827	6.85101E-12
1828.2	6.82943E-12
1829.4	6.7704E-12
1830.5	6.7685E-12
1831.7	6.75341E-12
1832.9	6.67658E-12
1834.1	6.66171E-12
1835.3	6.67141E-12
1836.4	6.68186E-12
1837.6	6.59978E-12
1838.8	6.52473E-12
1840	6.58258E-12
1841.2	6.53175E-12
1842.3	6.49996E-12
1843.5	6.55157E-12
1844.7	6.4414E-12
1845.9	6.40937E-12
1847.1	6.45432E-12
1848.2	6.38754E-12
1849.4	6.3558E-12
1850.6	6.2547E-12
1851.8	6.20074E-12
1853	6.20413E-12
1854.1	6.20819E-12
1855.3	6.20588E-12
1856.5	6.19215E-12
1857.7	6.20698E-12
1858.8	6.22825E-12
1860	6.18594E-12
1861.2	6.20077E-12
1862.4	6.19849E-12
1863.6	6.19051E-12
1864.7	6.22893E-12
1865.9	6.26116E-12
1867.1	6.2762E-12
1868.3	6.24509E-12
1869.5	6.22559E-12
1870.6	6.224E-12
1871.8	6.19317E-12
1873	6.23672E-12
1874.2	6.25172E-12
1875.4	6.23223E-12
1876.5	6.23641E-12
1877.7	6.16565E-12
1878.9	6.10133E-12
1880.1	6.02102E-12
1881.3	5.9637E-12
1882.4	6.01739E-12
1883.6	6.00419E-12
1884.8	5.94157E-12
1886	5.87961E-12
1887.2	5.85054E-12
1888.3	5.88152E-12
1889.5	5.84706E-12
1890.7	5.80212E-12
1891.9	5.85376E-12
1893.1	5.86252E-12
1894.2	5.88816E-12
1895.4	5.93513E-12
1896.6	5.97696E-12
1897.8	5.99143E-12
1899	6.00595E-12
1900.1	5.98244E-12
1901.3	5.92557E-12
1902.5	5.87465E-12
1903.7	5.87807E-12
1904.9	5.79012E-12
1906	5.7941E-12
1907.2	5.78148E-12
1908.4	5.87615E-12
1909.6	5.86877E-12
1910.8	5.85061E-12
1911.9	5.78497E-12
1913.1	5.73002E-12
1914.3	5.69655E-12
1915.5	5.70515E-12
1916.7	5.73487E-12
1917.8	5.73885E-12
1919	5.6739E-12
1920.2	5.64597E-12
1921.4	5.59753E-12
1922.6	5.61117E-12
1923.7	5.60992E-12
1924.9	5.62361E-12
1926.1	5.54976E-12
1927.3	5.53265E-12
1928.5	5.43491E-12
1929.6	5.57054E-12
1930.8	5.61509E-12
1932	5.59265E-12
1933.2	5.46359E-12
1934.4	5.47695E-12
1935.5	5.47577E-12
1936.7	5.43384E-12
1937.9	5.3972E-12
1939.1	5.35588E-12
1940.3	5.32468E-12
1941.4	5.34813E-12
1942.6	5.3366E-12
1943.8	5.33002E-12
1945	5.2795E-12
1946.1	5.27353E-12
1947.3	5.33539E-12
1948.5	5.34849E-12
1949.7	5.34683E-12
1950.9	5.28642E-12
1952	5.29995E-12
1953.2	5.30809E-12
1954.4	5.31624E-12
1955.6	5.33914E-12
1956.8	5.35228E-12
1957.9	5.27777E-12
1959.1	5.25192E-12
1960.3	5.29891E-12
1961.5	5.28269E-12
1962.7	5.17993E-12
1963.8	5.19322E-12
1965	5.18688E-12
1966.2	5.17102E-12
1967.4	5.08448E-12
1968.6	5.11584E-12
1969.7	5.07728E-12
1970.9	5.08513E-12
1972.1	5.00465E-12
1973.3	4.98477E-12
1974.5	4.91493E-12
1975.6	4.91398E-12
1976.8	4.91707E-12
1978	5.14729E-12
1979.2	5.16003E-12
1980.4	5.15378E-12
1981.5	5.10086E-12
1982.7	5.09E-12
1983.9	5.06981E-12
1985.1	5.04507E-12
1986.3	4.9379E-12
1987.4	5.02876E-12
1988.6	4.91289E-12
1989.8	5.00741E-12
1990.7	4.72085E-12
1992.5	4.7428E-12
1994.4	5.00734E-12
1996.3	4.87057E-12
1998.1	4.67302E-12
2000.65	5.02215E-12
2002.55	4.77821E-12
2004.45	4.89374E-12
2006.25	4.903E-12
2008.15	4.79115E-12
2010.05	4.64321E-12
2011.85	4.89824E-12
2013.75	5.03061E-12
2015.65	4.83505E-12
2017.45	4.83088E-12
2019.35	4.98435E-12
2021.25	4.71619E-12
2023.15	4.80812E-12
2024.95	4.93859E-12
2026.85	4.90669E-12
2028.75	4.77721E-12
2030.55	4.7381E-12
2032.45	4.75545E-12
2034.35	4.85714E-12
2036.15	4.90244E-12
2038.05	4.66447E-12
2039.95	4.41766E-12
2041.76	4.68622E-12
2043.66	4.84411E-12
2045.56	4.56675E-12
2047.46	4.5751E-12
2049.26	4.65198E-12
2051.16	4.65621E-12
2053.06	4.46301E-12
2054.86	4.40217E-12
2056.76	4.82686E-12
2058.66	4.84911E-12
2060.46	4.62704E-12
2062.36	4.34613E-12
2064.26	4.34213E-12
2066.06	4.40703E-12
2067.96	4.51385E-12
2069.86	4.41926E-12
2071.76	4.49317E-12
2073.56	4.46476E-12
2075.46	4.37928E-12
2077.36	4.60265E-12
2079.16	4.61164E-12
2081.06	4.42448E-12
2082.96	4.35983E-12
2084.76	4.49904E-12
2086.66	4.38458E-12
2088.56	4.09956E-12
2090.36	4.10005E-12
2092.27	4.29335E-12
2094.17	4.29742E-12
2096.07	4.3936E-12
2097.87	4.28227E-12
2099.77	4.05591E-12
2101.67	4.01886E-12
2103.47	4.18947E-12
2105.37	4.20121E-12
2107.27	4.02338E-12
2109.07	4.22522E-12
2110.97	4.44496E-12
2112.87	4.22947E-12
2114.67	4.10342E-12
2116.57	4.13777E-12
2118.47	4.08495E-12
2120.37	4.30932E-12
2122.17	4.28224E-12
2124.07	3.96364E-12
2125.97	4.03754E-12
2127.77	4.31501E-12
2129.67	4.18607E-12
2131.57	3.84266E-12
2133.37	3.9075E-12
2135.27	4.03577E-12
2137.17	4.13384E-12
2138.97	4.07026E-12
2140.87	3.93053E-12
2142.78	4.04088E-12
2144.68	3.92019E-12
2146.48	3.79296E-12
2148.38	3.93196E-12
2150.28	3.96134E-12
2152.08	4.04683E-12
2153.98	3.95138E-12
2155.88	3.77036E-12
2157.68	3.68178E-12
2159.58	3.81674E-12
2161.48	3.88803E-12
2163.38	3.71677E-12
2165.18	3.86762E-12
2167.08	3.86084E-12
2168.98	3.7525E-12
2170.78	3.75664E-12
2172.68	3.55173E-12
2174.58	3.61477E-12
2176.38	3.68266E-12
2178.28	3.6661E-12
2180.18	3.54688E-12
2181.98	3.50211E-12
2183.88	3.71513E-12
2185.78	3.81961E-12
2187.68	3.65817E-12
2189.48	3.52655E-12
2191.39	3.43078E-12
2193.29	3.49816E-12
2195.09	3.52149E-12
2196.99	3.53489E-12
2198.89	3.74994E-12
2200.69	3.73004E-12
2202.59	3.5593E-12
2204.49	3.63593E-12
2206.29	3.68389E-12
2208.19	3.58392E-12
2210.09	3.38853E-12
2211.99	3.29659E-12
2213.79	3.33702E-12
2215.69	3.47547E-12
2217.59	3.40933E-12
2219.39	3.3019E-12
2221.29	3.41367E-12
2223.19	3.44571E-12
2224.99	3.44965E-12
2226.89	3.32533E-12
2228.79	3.11812E-12
2230.59	3.35114E-12
2232.49	3.47098E-12
2234.39	3.40497E-12
2236.3	3.26416E-12
2238.09	3.25294E-12
2240	3.41929E-12
2241.9	3.34502E-12
2243.7	3.20702E-12
2245.6	3.2913E-12
2247.5	3.47882E-12
2249.3	3.55743E-12
2251.2	3.27796E-12
2253.1	3.19206E-12
2254.9	3.31571E-12
2256.8	3.33461E-12
2258.7	3.35672E-12
2260.6	3.30814E-12
2262.4	3.08243E-12
2264.3	3.08293E-12
2266.2	3.21096E-12
2268	3.22066E-12
2269.9	3.19461E-12
2271.8	3.15422E-12
2273.6	3.21369E-12
2275.5	3.25895E-12
2277.4	3.15321E-12
2279.2	3.00101E-12
2281.1	3.04049E-12
2283	3.14355E-12
2284.91	3.12387E-12
2286.71	3.22708E-12
2288.61	3.21876E-12
2290.51	3.09719E-12
2292.31	3.13246E-12
2294.21	3.13881E-12
2296.11	3.04822E-12
2297.91	3.00169E-12
2299.81	2.98571E-12
2301.71	3.01114E-12
2303.61	3.08755E-12
2305.41	3.00148E-12
2307.31	2.88815E-12
2309.21	2.91544E-12
2311.01	2.87097E-12
2312.91	2.90345E-12
2314.81	3.05212E-12
2316.61	3.08977E-12
2318.51	2.9896E-12
2320.41	2.94376E-12
2322.21	2.9746E-12
2324.11	3.04732E-12
2326.01	3.07332E-12
2327.91	3.00676E-12
2329.72	3.05791E-12
2331.62	3.02494E-12
2333.52	2.94584E-12
2335.32	2.89027E-12
2337.22	2.97737E-12
2339.12	3.07841E-12
2340.92	3.0427E-12
2342.82	2.89837E-12
2344.72	2.78131E-12
2346.52	2.73894E-12
2348.42	2.72195E-12
2350.32	2.85876E-12
2352.22	2.89651E-12
2354.02	2.80292E-12
2355.92	2.7448E-12
2357.82	2.7581E-12
2359.62	2.79478E-12
2361.52	2.86318E-12
2363.42	2.77555E-12
2365.22	2.71324E-12
2367.12	2.8628E-12
2369.02	2.85821E-12
2370.82	2.74053E-12
2372.72	2.65668E-12
2374.63	2.66219E-12
2376.53	2.76532E-12
2378.33	2.71574E-12
2380.23	2.53276E-12
2382.13	2.52872E-12
2383.93	2.5861E-12
2385.83	2.4567E-12
2387.73	2.44828E-12
2389.53	2.51077E-12
2391.43	2.49986E-12
2393.33	2.55874E-12
2395.13	2.59283E-12
2397.03	2.61027E-12
2398.93	2.62541E-12
2400.83	2.59483E-12
2402.63	2.60051E-12
2404.53	2.58447E-12
2406.43	2.56145E-12
2408.23	2.58128E-12
2410.13	2.61066E-12
2412.03	2.61858E-12
2413.83	2.57643E-12
2415.73	2.4634E-12
2417.64	2.43696E-12
2419.44	2.55271E-12
2421.34	2.57941E-12
2423.24	2.47536E-12
2425.14	2.37771E-12
2426.94	2.46555E-12
2428.84	2.57296E-12
2430.74	2.53837E-12
2432.54	2.43395E-12
2434.44	2.42345E-12
2436.34	2.48288E-12
2438.14	2.47465E-12
2440.04	2.52835E-12
2441.94	2.52907E-12
2443.84	2.48363E-12
2445.64	2.45723E-12
2447.54	2.4784E-12
2449.44	2.37847E-12
2451.24	2.39696E-12
2453.14	2.47165E-12
2455.04	2.48837E-12
2456.84	2.4059E-12
2458.74	2.33457E-12
2460.64	2.41399E-12
2462.45	2.4238E-12
2464.35	2.38247E-12
2466.25	2.33753E-12
2468.15	2.40375E-12
2469.95	2.43812E-12
2471.85	2.35715E-12
2473.75	2.36875E-12
2475.55	2.36749E-12
2477.45	2.35951E-12
2479.35	2.41077E-12
2481.15	2.42508E-12
2483.05	2.22669E-12
2484.95	2.26254E-12
2486.75	2.34405E-12
2488.65	2.32329E-12
2490.55	2.32403E-12
2492.45	2.3312E-12
2494.25	2.28324E-12
2496.15	2.29451E-12
2498.05	2.26793E-12
2499.85	2.27302E-12
2501.75	2.31177E-12
2503.65	2.33606E-12
2505.46	2.3113E-12
2507.36	2.19785E-12
2509.26	2.1426E-12
2511.06	2.1934E-12
2512.96	2.13629E-12
2514.86	2.0635E-12
2516.76	2.06799E-12
2518.56	2.12093E-12
2520.46	2.14127E-12
2522.36	2.20606E-12
2524.16	2.11543E-12
2526.06	2.13769E-12
2527.96	2.21254E-12
2529.76	2.10801E-12
2531.66	2.09518E-12
2533.56	2.18459E-12
2535.36	2.18149E-12
2537.26	2.0821E-12
2539.16	2.0448E-12
2541.06	2.06824E-12
2542.86	2.18467E-12
2544.76	2.12588E-12
2546.66	2.07057E-12
2548.47	2.09253E-12
2550.37	2.13415E-12
2552.27	2.11338E-12
2554.07	2.06998E-12
2555.97	2.02358E-12
2557.87	2.00574E-12
2559.67	2.02705E-12
2561.57	2.00918E-12
2563.47	2.06051E-12
2565.37	2.01433E-12
2567.17	1.97662E-12
2569.07	2.00669E-12
2570.97	1.97805E-12
2572.77	1.9446E-12
2574.67	1.99429E-12
2576.57	2.03398E-12
2578.37	2.02181E-12
2580.27	1.99665E-12
2582.17	1.99187E-12
2584.07	1.97616E-12
2585.87	1.94097E-12
2587.77	1.92212E-12
2589.67	1.91753E-12
2591.47	1.96489E-12
2593.38	1.94939E-12
2595.28	1.96274E-12
2597.08	1.96907E-12
2598.98	1.9303E-12
2600.88	1.83735E-12
2602.68	1.77988E-12
2604.58	1.83044E-12
2606.48	1.89812E-12
2608.38	1.91818E-12
2610.18	1.90323E-12
2612.08	1.91451E-12
2613.98	1.92056E-12
2615.78	1.93032E-12
2617.68	1.89932E-12
2619.58	1.84488E-12
2621.38	1.85085E-12
2623.28	1.93884E-12
2625.18	1.94856E-12
2626.98	1.92273E-12
2628.88	1.86419E-12
2630.78	1.85124E-12
2632.68	1.84687E-12
2634.49	1.82238E-12
2636.39	1.79809E-12
2638.29	1.84751E-12
2640.09	1.85864E-12
2641.99	1.79543E-12
2643.89	1.78955E-12
2645.69	1.81867E-12
2647.59	1.78291E-12
2649.49	1.73343E-12
2651.29	1.77958E-12
2653.19	1.79678E-12
2655.09	1.79917E-12
2656.99	1.76219E-12
2658.79	1.77445E-12
2660.69	1.81486E-12
2662.59	1.79897E-12
2664.39	1.77352E-12
2666.29	1.76936E-12
2668.19	1.75549E-12
2669.99	1.74507E-12
2671.89	1.73139E-12
2673.79	1.72893E-12
2675.59	1.71867E-12
2677.5	1.75135E-12
2679.4	1.78302E-12
2681.3	1.77068E-12
2683.1	1.74565E-12
2685	1.73198E-12
2686.9	1.75037E-12
2688.7	1.7304E-12
2690.6	1.70897E-12
2692.5	1.6878E-12
2694.3	1.68865E-12
2696.2	1.70344E-12
2698.1	1.6808E-12
2699.9	1.69721E-12
2701.8	1.68704E-12
2703.7	1.68157E-12
2705.6	1.68076E-12
2707.4	1.68938E-12
2709.3	1.67E-12
2711.2	1.66306E-12
2713	1.66852E-12
2714.9	1.65548E-12
2716.8	1.62598E-12
2718.61	1.62681E-12
2720.51	1.63204E-12
2722.41	1.64484E-12
2724.31	1.623E-12
2726.11	1.60157E-12
2728.01	1.56005E-12
2729.91	1.57085E-12
2731.71	1.5544E-12
2733.61	1.5211E-12
2735.51	1.52319E-12
2737.31	1.54947E-12
2739.21	1.57754E-12
2741.11	1.54803E-12
2742.91	1.5276E-12
2744.81	1.53394E-12
2746.71	1.55169E-12
2748.61	1.56533E-12
2750.41	1.60117E-12
2752.31	1.60486E-12
2754.21	1.59675E-12
2756.01	1.58005E-12
2757.91	1.58369E-12
2759.82	1.58442E-12
2761.62	1.54919E-12
2763.52	1.51184E-12
2765.42	1.52514E-12
2767.22	1.54719E-12
2769.12	1.53514E-12
2771.02	1.50922E-12
2772.92	1.53659E-12
2774.72	1.50658E-12
2776.62	1.47028E-12
2778.52	1.45614E-12
2780.32	1.44226E-12
2782.22	1.4456E-12
2784.12	1.48271E-12
2785.92	1.46452E-12
2787.82	1.47741E-12
2789.72	1.45784E-12
2791.52	1.4202E-12
2793.42	1.41827E-12
2795.32	1.39434E-12
2797.22	1.32489E-12
2799.02	1.30864E-12
2800.93	1.3559E-12
2802.83	1.36282E-12
2804.63	1.31426E-12
2806.53	1.32462E-12
2808.43	1.34991E-12
2810.23	1.39235E-12
2812.13	1.3956E-12
2814.03	1.40015E-12
2815.83	1.4087E-12
2817.73	1.41851E-12
2819.63	1.43631E-12
2821.53	1.43173E-12
2823.33	1.41289E-12
2825.23	1.40969E-12
2827.13	1.40133E-12
2828.93	1.40601E-12
2830.83	1.3951E-12
2832.73	1.39194E-12
2834.53	1.41733E-12
2836.43	1.42065E-12
2838.33	1.40186E-12
2840.14	1.42086E-12
2842.04	1.41766E-12
2843.94	1.36581E-12
2845.84	1.35148E-12
2847.64	1.35976E-12
2849.54	1.37684E-12
2851.44	1.38135E-12
2853.24	1.37834E-12
2855.14	1.36137E-12
2857.04	1.3671E-12
2858.84	1.38182E-12
2860.74	1.39276E-12
2862.64	1.39347E-12
2864.54	1.37127E-12
2866.34	1.362E-12
2868.24	1.37025E-12
2870.14	1.32747E-12
2871.94	1.3307E-12
2873.84	1.34495E-12
2875.74	1.3407E-12
2877.54	1.34645E-12
2879.44	1.32989E-12
2881.34	1.31717E-12
2883.15	1.31431E-12
2885.05	1.31742E-12
2886.95	1.32054E-12
2888.85	1.32368E-12
2890.65	1.31353E-12
2892.55	1.32273E-12
2894.45	1.30647E-12
2896.25	1.29408E-12
2898.15	1.31883E-12
2900.05	1.32319E-12
2901.85	1.29862E-12
2903.75	1.29453E-12
2905.65	1.28809E-12
2907.45	1.29362E-12
2909.35	1.2979E-12
2911.25	1.28432E-12
2913.15	1.28028E-12
2914.95	1.27166E-12
2916.85	1.25836E-12
2918.75	1.26252E-12
2920.55	1.27263E-12
2922.46	1.27331E-12
2924.36	1.26581E-12
2926.16	1.27243E-12
2928.06	1.28018E-12
2929.96	1.25982E-12
2931.76	1.24904E-12
2933.66	1.22917E-12
2935.56	1.21521E-12
2937.46	1.21924E-12
2939.26	1.22675E-12
2941.16	1.22066E-12
2943.06	1.20791E-12
2944.86	1.22886E-12
2946.76	1.22502E-12
2948.66	1.20888E-12
2950.46	1.22195E-12
2952.36	1.20141E-12
2954.26	1.18559E-12
2956.06	1.18633E-12
2957.96	1.21017E-12
2959.86	1.22769E-12
2961.76	1.22161E-12
2963.57	1.20338E-12
2965.47	1.19301E-12
2967.37	1.20584E-12
2969.17	1.20437E-12
2971.07	1.20616E-12
2972.97	1.19578E-12
2974.77	1.20206E-12
2976.67	1.20274E-12
2978.57	1.17062E-12
2980.37	1.16491E-12
2982.27	1.15488E-12
2984.17	1.15874E-12
2986.07	1.16797E-12
2987.87	1.17195E-12
2989.77	1.16508E-12
2991.67	1.14342E-12
2993.47	1.13889E-12
2995.37	1.1364E-12
2997.27	1.15075E-12
2999.07	1.13778E-12
3000.97	1.14685E-12
3002.88	1.14434E-12
3004.78	1.15666E-12
3006.58	1.15209E-12
3008.48	1.14746E-12
3010.38	1.15449E-12
3012.18	1.14993E-12
3014.08	1.11718E-12
3015.98	1.11577E-12
3017.78	1.12475E-12
3019.68	1.14528E-12
3021.58	1.14806E-12
3023.38	1.13304E-12
3025.28	1.12021E-12
3027.18	1.11469E-12
3029.08	1.11432E-12
3030.88	1.12537E-12
3032.78	1.11776E-12
3034.68	1.10105E-12
3036.48	1.09368E-12
3038.38	1.10141E-12
3040.28	1.10613E-12
3042.08	1.11607E-12
3043.99	1.11569E-12
3045.89	1.098E-12
3047.69	1.09368E-12
3049.59	1.0883E-12
3051.49	1.05538E-12
3053.39	1.05698E-12
3055.19	1.07042E-12
3057.09	1.07601E-12
3058.99	1.07665E-12
3060.79	1.08534E-12
3062.69	1.0419E-12
3064.59	1.01411E-12
3066.39	1.02607E-12
3068.29	1.04674E-12
3070.19	1.04544E-12
3071.99	1.04326E-12
3073.89	1.04582E-12
3075.79	1.04549E-12
3077.69	1.04131E-12
3079.49	1.02017E-12
3081.39	1.00494E-12
3083.29	1.01205E-12
3085.1	1.03061E-12
3087	1.02839E-12
3088.9	1.03854E-12
3090.7	1.045E-12
3092.6	1.01902E-12
3094.5	1.0159E-12
3096.3	1.02411E-12
3098.2	1.02757E-12
3100.1	1.0169E-12
3102	1.0008E-12
3103.8	9.80492E-13
3105.7	9.81099E-13
3107.6	9.86237E-13
3109.4	9.94211E-13
3111.3	1.00311E-12
3113.2	9.94529E-13
3115	9.84273E-13
3116.9	9.7406E-13
3118.8	9.82781E-13
3120.6	9.89818E-13
3122.5	1.00237E-12
3124.41	1.01507E-12
3126.31	1.01197E-12
3128.11	1.01174E-12
3130.01	9.86598E-13
3131.91	9.68307E-13
3133.71	9.63638E-13
3135.61	9.67804E-13
3137.51	9.63965E-13
3139.31	9.54912E-13
3141.21	9.6081E-13
3143.11	9.5612E-13
3145.01	9.47082E-13
3146.81	9.40785E-13
3148.71	9.50093E-13
3150.61	9.3679E-13
3152.41	9.13579E-13
3154.31	8.97476E-13
3156.21	8.98876E-13
3158.01	9.12861E-13
3159.91	9.21048E-13
3161.81	9.25891E-13
3163.61	9.31678E-13
3165.52	9.4003E-13
3167.42	9.39767E-13
3169.32	9.29179E-13
3171.12	9.26416E-13
3173.02	9.29578E-13
3174.92	9.15727E-13
3176.72	8.96342E-13
3178.62	9.01061E-13
3180.52	9.05806E-13
3182.32	9.19907E-13
3184.22	9.33309E-13
3186.12	9.21101E-13
3187.92	9.13307E-13
3189.82	9.42105E-13
3191.72	9.4707E-13
3193.62	9.3039E-13
3195.42	9.43139E-13
3197.32	9.43755E-13
3199.22	9.01869E-13
3200.92	8.93474E-13
3201.93	8.91267E-13
3202.93	8.91532E-13
3203.93	8.9344E-13
3204.93	8.94529E-13
3205.93	8.91505E-13
3206.93	8.9177E-13
3207.93	8.92857E-13
3208.93	8.93946E-13
3209.93	8.99167E-13
3210.93	9.05253E-13
3211.93	9.10541E-13
3212.93	9.14174E-13
3213.93	9.16978E-13
3214.93	9.16407E-13
3215.93	9.15838E-13
3216.93	9.16112E-13
3217.93	9.1723E-13
3218.93	9.17505E-13
3219.93	9.19473E-13
3220.93	9.21444E-13
3221.93	9.21721E-13
3222.93	9.22847E-13
3223.93	9.23125E-13
3224.93	9.23402E-13
3225.93	9.2368E-13
3226.93	9.2481E-13
3227.93	9.25089E-13
3228.93	9.24516E-13
3229.93	9.24795E-13
3230.93	9.21672E-13
3231.93	9.1687E-13
3232.93	9.11253E-13
3233.93	9.07341E-13
3234.93	9.03445E-13
3235.93	8.98739E-13
3236.93	8.9488E-13
3237.93	8.89399E-13
3238.93	8.87214E-13
3239.93	8.83406E-13
3240.93	8.79614E-13
3241.94	8.75027E-13
3242.94	8.7047E-13
3243.94	8.69133E-13
3244.94	8.68597E-13
3245.94	8.68062E-13
3246.94	8.65931E-13
3247.94	8.65397E-13
3248.94	8.65662E-13
3249.94	8.64333E-13
3250.94	8.62211E-13
3251.94	8.60095E-13
3252.94	8.60359E-13
3253.94	8.59038E-13
3254.94	8.60886E-13
3255.94	8.6115E-13
3256.94	8.60621E-13
3257.94	8.5851E-13
3258.94	8.57983E-13
3259.94	8.55879E-13
3260.94	8.57721E-13
3261.94	8.57195E-13
3262.94	8.57459E-13
3263.94	8.59305E-13
3264.94	8.60362E-13
3265.94	8.59835E-13
3266.94	8.60893E-13
3267.94	8.61953E-13
3268.94	8.64605E-13
3269.94	8.65669E-13
3270.94	8.64344E-13
3271.94	8.65408E-13
3272.94	8.65676E-13
3273.94	8.66743E-13
3274.94	8.67012E-13
3275.94	8.66482E-13
3276.94	8.66752E-13
3277.94	8.64629E-13
3278.94	8.61717E-13
3279.94	8.59607E-13
3280.94	8.58292E-13
3281.95	8.58554E-13
3282.95	8.59613E-13
3283.95	8.61467E-13
3284.95	8.63325E-13
3285.95	8.63594E-13
3286.95	8.6148E-13
3287.95	8.60164E-13
3288.95	8.5648E-13
3289.95	8.53597E-13
3290.95	8.48377E-13
3291.95	8.43966E-13
3292.95	8.40352E-13
3293.95	8.36754E-13
3294.95	8.33938E-13
3295.95	8.32665E-13
3296.95	8.31394E-13
3297.95	8.30125E-13
3298.95	8.28858E-13
3299.95	8.28356E-13
3300.95	8.2938E-13
3301.95	8.28115E-13
3302.95	8.26852E-13
3303.95	8.24071E-13
3304.95	8.22057E-13
3305.95	8.19293E-13
3306.95	8.15786E-13
3307.95	8.11547E-13
3308.95	8.08819E-13
3309.95	8.06842E-13
3310.95	8.0413E-13
3311.95	8.03645E-13
3312.95	8.0242E-13
3313.95	8.01198E-13
3314.95	8.00714E-13
3315.95	8.00969E-13
3316.95	8.01224E-13
3317.95	8.02217E-13
3318.95	8.03952E-13
3319.95	8.03468E-13
3320.96	8.01501E-13
3321.96	7.99545E-13
3322.96	7.96859E-13
3323.96	7.93451E-13
3324.96	7.90786E-13
3325.96	7.9031E-13
3326.96	7.89835E-13
3327.96	7.90088E-13
3328.96	7.93258E-13
3329.96	7.94975E-13
3330.96	7.96696E-13
3331.96	7.99157E-13
3332.96	7.98677E-13
3333.96	7.97464E-13
3334.96	7.96985E-13
3335.96	7.97242E-13
3336.96	7.96764E-13
3337.96	7.9702E-13
3338.96	7.98747E-13
3339.96	7.98269E-13
3340.96	7.97791E-13
3341.96	7.94382E-13
3342.96	7.93175E-13
3343.96	7.92701E-13
3344.96	7.92957E-13
3345.96	7.93944E-13
3346.96	7.94201E-13
3347.96	7.9519E-13
3348.96	7.96914E-13
3349.96	7.98642E-13
3350.96	7.98166E-13
3351.96	7.96222E-13
3352.96	7.92091E-13
3353.96	7.89434E-13
3354.96	7.85339E-13
3355.96	7.82705E-13
3356.96	7.82239E-13
3357.96	7.81773E-13
3358.96	7.81307E-13
3359.97	7.80838E-13
3360.97	7.79655E-13
3361.97	7.79191E-13
3362.97	7.77295E-13
3363.97	7.76833E-13
3364.97	7.77802E-13
3365.97	7.76625E-13
3366.97	7.76163E-13
3367.97	7.77133E-13
3368.97	7.75956E-13
3369.97	7.75496E-13
3370.97	7.7575E-13
3371.97	7.76004E-13
3372.97	7.78407E-13
3373.97	7.77946E-13
3374.97	7.78918E-13
3375.97	7.77024E-13
3376.97	7.75135E-13
3377.97	7.69697E-13
3378.97	7.63595E-13
3379.97	7.61739E-13
3380.97	7.60587E-13
3381.97	7.60137E-13
3382.97	7.57592E-13
3383.97	7.55055E-13
3384.97	7.5322E-13
3385.97	7.50698E-13
3386.97	7.48185E-13
3387.97	7.47055E-13
3388.97	7.47991E-13
3389.97	7.48238E-13
3390.97	7.47109E-13
3391.97	7.46668E-13
3392.97	7.44169E-13
3393.97	7.40313E-13
3394.97	7.37836E-13
3395.97	7.3469E-13
3396.97	7.32231E-13
3397.97	7.29781E-13
3398.97	7.27339E-13
3399.97	7.25574E-13
3400.98	7.25143E-13
3401.98	7.26053E-13
3402.98	7.27634E-13
3403.98	7.27206E-13
3404.98	7.28119E-13
3405.98	7.26353E-13
3406.98	7.2459E-13
3407.98	7.23498E-13
3408.98	7.2374E-13
3409.98	7.21985E-13
3410.98	7.21561E-13
3411.98	7.21138E-13
3412.98	7.20052E-13
3413.98	7.19631E-13
3414.98	7.17225E-13
3415.98	7.16145E-13
3416.98	7.14409E-13
3417.98	7.12021E-13
3418.98	7.08987E-13
3419.98	7.07269E-13
3420.98	7.06855E-13
3421.98	7.05792E-13
3422.98	7.0538E-13
3423.98	7.06918E-13
3424.98	7.03907E-13
3425.98	7.02202E-13
3426.98	7.00501E-13
3427.98	6.97517E-13
3428.98	6.95828E-13
3429.98	6.94142E-13
3430.98	6.94377E-13
3431.98	6.95892E-13
3432.98	6.96128E-13
3433.98	6.97005E-13
3434.98	6.97241E-13
3435.98	6.98764E-13
3436.98	7.0029E-13
3437.98	7.02465E-13
3438.99	7.04644E-13
3439.99	7.06183E-13
3440.99	7.05773E-13
3441.99	7.06013E-13
3442.99	7.05602E-13
3443.99	7.04544E-13
3444.99	7.02839E-13
3445.99	7.02431E-13
3446.99	6.99442E-13
3447.99	6.9775E-13
3448.99	6.96062E-13
3449.99	6.95018E-13
3450.99	6.94615E-13
3451.99	6.94852E-13
3452.99	6.9445E-13
3453.99	6.93409E-13
3454.99	6.9237E-13
3455.99	6.91969E-13
3456.99	6.91569E-13
3457.99	6.91806E-13
3458.99	6.93319E-13
3459.99	6.92918E-13
3460.99	6.94434E-13
3461.99	6.92756E-13
3462.99	6.92356E-13
3463.99	6.91319E-13
3464.99	6.89648E-13
3465.99	6.8925E-13
3466.99	6.88853E-13
3467.99	6.87189E-13
3468.99	6.85529E-13
3469.99	6.85133E-13
3470.99	6.84108E-13
3471.99	6.83714E-13
3472.99	6.8395E-13
3473.99	6.82927E-13
3474.99	6.81278E-13
3475.99	6.79008E-13
3476.99	6.76745E-13
3478	6.73864E-13
3479	6.71619E-13
3480	6.68149E-13
3481	6.65922E-13
3482	6.63092E-13
3483	6.61492E-13
3484	6.58681E-13
3485	6.5891E-13
3486	6.60354E-13
3487	6.61192E-13
3488	6.62032E-13
3489	6.62872E-13
3490	6.63103E-13
3491	6.63945E-13
3492	6.62954E-13
3493	6.62574E-13
3494	6.62195E-13
3495	6.5999E-13
3496	6.59612E-13
3497	6.58022E-13
3498	6.55831E-13
3499	6.54853E-13
3500	6.53274E-13
3501	6.511E-13
3502	6.50129E-13
3503	6.48562E-13
3504	6.46999E-13
3505	6.4544E-13
3506	6.44478E-13
3507	6.4411E-13
3508	6.43743E-13
3509	6.43376E-13
3510	6.4301E-13
3511	6.43828E-13
3512	6.43462E-13
3513	6.44875E-13
3514	6.44508E-13
3515	6.44141E-13
3516	6.43775E-13
3517.01	6.43998E-13
3518.01	6.43632E-13
3519.01	6.43266E-13
3520.01	6.43493E-13
3521.01	6.43128E-13
3522.01	6.44541E-13
3523.01	6.44769E-13
3524.01	6.44997E-13
3525.01	6.45819E-13
3526.01	6.46048E-13
3527.01	6.45681E-13
3528.01	6.44128E-13
3529.01	6.41395E-13
3530.01	6.39852E-13
3531.01	6.37138E-13
3532.01	6.35606E-13
3533.01	6.33493E-13
3534.01	6.31388E-13
3535.01	6.3045E-13
3536.01	6.28933E-13
3537.01	6.28578E-13
3538.01	6.27066E-13
3539.01	6.24983E-13
3540.01	6.22906E-13
3541.01	6.20837E-13
3542.01	6.18774E-13
3543.01	6.17855E-13
3544.01	6.1637E-13
3545.01	6.1659E-13
3546.01	6.15675E-13
3547.01	6.15895E-13
3548.01	6.16115E-13
3549.01	6.15768E-13
3550.01	6.16556E-13
3551.01	6.16209E-13
3552.01	6.15862E-13
3553.01	6.14949E-13
3554.01	6.14603E-13
3555.02	6.13688E-13
3556.02	6.13908E-13
3557.02	6.13563E-13
3558.02	6.13783E-13
3559.02	6.14569E-13
3560.02	6.15356E-13
3561.02	6.15578E-13
3562.02	6.15232E-13
3563.02	6.14887E-13
3564.02	6.13976E-13
3565.02	6.13067E-13
3566.02	6.12723E-13
3567.02	6.12379E-13
3568.02	6.11473E-13
3569.02	6.10005E-13
3570.02	6.09664E-13
3571.02	6.08761E-13
3572.02	6.08421E-13
3573.02	6.0808E-13
3574.02	6.06063E-13
3575.02	6.05724E-13
3576.02	6.04271E-13
3577.02	6.02822E-13
3578.02	6.02485E-13
3579.02	6.0104E-13
3580.02	6.00151E-13
3581.02	5.98712E-13
3582.02	5.98378E-13
3583.02	5.96394E-13
3584.02	5.95512E-13
3585.02	5.94085E-13
3586.02	5.93754E-13
3587.02	5.91785E-13
3588.02	5.91455E-13
3589.02	5.91126E-13
3590.02	5.90253E-13
3591.02	5.89924E-13
3592.02	5.89595E-13
3593.02	5.89267E-13
3594.02	5.87856E-13
3595.03	5.87525E-13
3596.03	5.86118E-13
3597.03	5.84714E-13
3598.03	5.82777E-13
3599.03	5.82453E-13
3600.03	5.81058E-13
3601.03	5.80735E-13
3602.03	5.79345E-13
3603.03	5.80625E-13
3604.03	5.80303E-13
3605.03	5.79981E-13
3606.03	5.79659E-13
3607.03	5.79872E-13
3608.03	5.80619E-13
3609.03	5.81367E-13
3610.03	5.82117E-13
3611.03	5.81794E-13
3612.03	5.81472E-13
3613.03	5.81686E-13
3614.03	5.81364E-13
3615.03	5.81578E-13
3616.03	5.79652E-13
3617.03	5.78266E-13
3618.03	5.76882E-13
3619.03	5.75503E-13
3620.03	5.75715E-13
3621.03	5.75397E-13
3622.03	5.7455E-13
3623.03	5.72648E-13
3624.03	5.71805E-13
3625.03	5.70438E-13
3626.03	5.69599E-13
3627.03	5.69809E-13
3628.03	5.69495E-13
3629.03	5.69706E-13
3630.03	5.69392E-13
3631.03	5.69078E-13
3632.03	5.68765E-13
3633.04	5.68972E-13
3634.04	5.68659E-13
3635.04	5.6887E-13
3636.04	5.68034E-13
3637.04	5.67722E-13
3638.04	5.66365E-13
3639.04	5.65012E-13
3640.04	5.64182E-13
3641.04	5.63872E-13
3642.04	5.64082E-13
3643.04	5.63772E-13
3644.04	5.65022E-13
3645.04	5.65232E-13
3646.04	5.64922E-13
3647.04	5.65133E-13
3648.04	5.63784E-13
3649.04	5.62956E-13
3650.04	5.6213E-13
3651.04	5.60271E-13
3652.04	5.57392E-13
3653.04	5.56574E-13
3654.04	5.54734E-13
3655.04	5.5341E-13
3656.04	5.52599E-13
3657.04	5.50772E-13
3658.04	5.49965E-13
3659.04	5.49664E-13
3660.04	5.48353E-13
3661.04	5.48558E-13
3662.04	5.47754E-13
3663.04	5.46447E-13
3664.04	5.46652E-13
3665.04	5.45349E-13
3666.04	5.45051E-13
3667.04	5.43751E-13
3668.04	5.44959E-13
3669.04	5.44662E-13
3670.04	5.43363E-13
3671.05	5.43064E-13
3672.05	5.42768E-13
3673.05	5.42473E-13
3674.05	5.42178E-13
3675.05	5.41384E-13
3676.05	5.42087E-13
3677.05	5.42791E-13
3678.05	5.43496E-13
3679.05	5.44202E-13
3680.05	5.44408E-13
3681.05	5.44112E-13
3682.05	5.44819E-13
3683.05	5.44523E-13
3684.05	5.44228E-13
3685.05	5.43932E-13
3686.05	5.43137E-13
3687.05	5.41344E-13
3688.05	5.40055E-13
3689.05	5.37777E-13
3690.05	5.36991E-13
3691.05	5.34727E-13
3692.05	5.32962E-13
3693.05	5.30715E-13
3694.05	5.2799E-13
3695.05	5.26249E-13
3696.05	5.25964E-13
3697.05	5.25679E-13
3698.05	5.25395E-13
3699.05	5.26079E-13
3700.05	5.25795E-13
3701.05	5.25995E-13
3702.05	5.25711E-13
3703.05	5.26881E-13
3704.05	5.26596E-13
3705.05	5.25344E-13
3706.05	5.24577E-13
3707.05	5.24294E-13
3708.05	5.23529E-13
3709.05	5.23246E-13
3710.05	5.22002E-13
3711.06	5.20278E-13
3712.06	5.19519E-13
3713.06	5.18284E-13
3714.06	5.17051E-13
3715.06	5.16773E-13
3716.06	5.1602E-13
3717.06	5.16693E-13
3718.06	5.17367E-13
3719.06	5.17565E-13
3720.06	5.17287E-13
3721.06	5.17009E-13
3722.06	5.16731E-13
3723.06	5.14555E-13
3724.06	5.13332E-13
3725.06	5.12112E-13
3726.06	5.11837E-13
3727.06	5.11563E-13
3728.06	5.11288E-13
3729.06	5.11956E-13
3730.06	5.12625E-13
3731.06	5.13768E-13
3732.06	5.1444E-13
3733.06	5.15112E-13
3734.06	5.16261E-13
3735.06	5.16936E-13
3736.06	5.15708E-13
3737.06	5.14484E-13
3738.06	5.12789E-13
3739.06	5.10631E-13
3740.06	5.08013E-13
3741.06	5.08209E-13
3742.06	5.07937E-13
3743.06	5.07666E-13
3744.06	5.07862E-13
3745.06	5.07124E-13
3746.06	5.0592E-13
3747.06	5.06116E-13
3748.07	5.04913E-13
3749.07	5.05108E-13
3750.07	5.0391E-13
3751.07	5.03641E-13
3752.07	5.03837E-13
3753.07	5.03105E-13
3754.07	5.02374E-13
3755.07	5.01182E-13
3756.07	5.00454E-13
3757.07	4.99727E-13
3758.07	4.99922E-13
3759.07	4.99656E-13
3760.07	4.9893E-13
3761.07	4.98206E-13
3762.07	4.97941E-13
3763.07	4.98135E-13
3764.07	4.98788E-13
3765.07	4.98983E-13
3766.07	4.98718E-13
3767.07	4.97994E-13
3768.07	4.9773E-13
3769.07	4.97008E-13
3770.07	4.96287E-13
3771.07	4.96481E-13
3772.07	4.95304E-13
3773.07	4.96869E-13
3774.07	4.97521E-13
3775.07	4.99093E-13
3776.07	5.0067E-13
3777.07	5.01328E-13
3778.07	4.9968E-13
3779.07	4.98037E-13
3780.07	4.95487E-13
3781.07	4.93403E-13
3782.07	4.92235E-13
3783.07	4.91069E-13
3784.07	4.89907E-13
3785.07	4.89197E-13
3786.07	4.87141E-13
3787.07	4.85987E-13
3788.08	4.84388E-13
3789.08	4.83241E-13
3790.08	4.81654E-13
3791.08	4.80514E-13
3792.08	4.78494E-13
3793.08	4.76483E-13
3794.08	4.75356E-13
3795.08	4.75105E-13
3796.08	4.74418E-13
3797.08	4.75042E-13
3798.08	4.7523E-13
3799.08	4.76294E-13
3800.08	4.7736E-13
3801.08	4.78429E-13
3802.08	4.79501E-13
3803.08	4.80132E-13
3804.08	4.80764E-13
3805.08	4.80955E-13
3806.08	4.80702E-13
3807.08	4.80892E-13
3808.08	4.81526E-13
3809.08	4.8216E-13
3810.08	4.82351E-13
3811.08	4.81654E-13
3812.08	4.82289E-13
3813.08	4.8337E-13
3814.08	4.83117E-13
3815.08	4.82419E-13
3816.08	4.81722E-13
3817.08	4.80141E-13
3818.08	4.78125E-13
3819.08	4.76556E-13
3820.08	4.74555E-13
3821.08	4.72998E-13
3822.08	4.71446E-13
3823.08	4.69899E-13
3824.08	4.68358E-13
3825.08	4.66821E-13
3826.09	4.64004E-13
3827.09	4.61205E-13
3828.09	4.58846E-13
3829.09	4.5692E-13
3830.09	4.55841E-13
3831.09	4.55184E-13
3832.09	4.53691E-13
3833.09	4.53037E-13
3834.09	4.52384E-13
3835.09	4.509E-13
3836.09	4.5025E-13
3837.09	4.50845E-13
3838.09	4.51441E-13
3839.09	4.52038E-13
3840.09	4.5347E-13
3841.09	4.54488E-13
3842.09	4.55928E-13
3843.09	4.56111E-13
3844.09	4.57135E-13
3845.09	4.58584E-13
3846.09	4.5919E-13
3847.09	4.60646E-13
3848.09	4.6168E-13
3849.09	4.6357E-13
3850.09	4.6504E-13
3851.09	4.66084E-13
3852.09	4.66271E-13
3853.09	4.66889E-13
3854.09	4.66646E-13
3855.09	4.66404E-13
3856.09	4.66162E-13
3857.09	4.6721E-13
3858.09	4.67829E-13
3859.09	4.68448E-13
3860.09	4.67344E-13
3861.09	4.67532E-13
3862.09	4.66001E-13
3863.09	4.64047E-13
3864.09	4.63807E-13
3865.1	4.62285E-13
3866.1	4.62046E-13
3867.1	4.60957E-13
3868.1	4.60719E-13
3869.1	4.60481E-13
3870.1	4.61092E-13
3871.1	4.60853E-13
3872.1	4.59768E-13
3873.1	4.58685E-13
3874.1	4.57604E-13
3875.1	4.56526E-13
3876.1	4.54194E-13
3877.1	4.52291E-13
3878.1	4.4998E-13
3879.1	4.46858E-13
3880.1	4.44576E-13
3881.1	4.41491E-13
3882.1	4.39236E-13
3883.1	4.36189E-13
3884.1	4.33162E-13
3885.1	4.3095E-13
3886.1	4.2796E-13
3887.1	4.26167E-13
3888.1	4.24773E-13
3889.1	4.23773E-13
3890.1	4.24336E-13
3891.1	4.249E-13
3892.1	4.25857E-13
3893.1	4.27603E-13
3894.1	4.28961E-13
3895.1	4.31514E-13
3896.1	4.33283E-13
3897.1	4.35862E-13
3898.1	4.37649E-13
3899.1	4.39848E-13
3900.1	4.41652E-13
3901.1	4.43055E-13
3902.1	4.44872E-13
3903.11	4.46694E-13
3904.11	4.48113E-13
3905.11	4.48709E-13
3906.11	4.48893E-13
3907.11	4.4949E-13
3908.11	4.50089E-13
3909.11	4.49858E-13
3910.11	4.50043E-13
3911.11	4.50642E-13
3912.11	4.50412E-13
3913.11	4.51011E-13
3914.11	4.51612E-13
3915.11	4.51381E-13
3916.11	4.51151E-13
3917.11	4.50921E-13
3918.11	4.5069E-13
3919.11	4.49631E-13
3920.11	4.49402E-13
3921.11	4.48346E-13
3922.11	4.48118E-13
3923.11	4.47065E-13
3924.11	4.46426E-13
3925.11	4.45377E-13
3926.11	4.44331E-13
3927.11	4.43696E-13
3928.11	4.42654E-13
3929.11	4.40802E-13
3930.11	4.39362E-13
3931.11	4.39138E-13
3932.11	4.38107E-13
3933.11	4.37884E-13
3934.11	4.37662E-13
3935.11	4.38246E-13
3936.11	4.38023E-13
3937.11	4.37801E-13
3938.11	4.37578E-13
3939.11	4.37356E-13
3940.12	4.37938E-13
3941.12	4.37716E-13
3942.12	4.37494E-13
3943.12	4.36467E-13
3944.12	4.36246E-13
3945.12	4.35222E-13
3946.12	4.35002E-13
3947.12	4.34781E-13
3948.12	4.34561E-13
3949.12	4.34341E-13
3950.12	4.32923E-13
3951.12	4.31908E-13
3952.12	4.26944E-13
3953.12	4.25159E-13
3954.12	4.23772E-13
3955.12	4.20835E-13
3956.12	4.1869E-13
3957.12	4.16172E-13
3958.12	4.14051E-13
3959.12	4.1194E-13
3960.12	4.09841E-13
3961.12	4.07001E-13
3962.12	4.04181E-13
3963.12	3.99537E-13
3964.12	3.9531E-13
3965.12	3.91488E-13
3966.12	3.88061E-13
3967.12	3.85018E-13
3968.12	3.82351E-13
3969.12	3.80052E-13
3970.12	3.78813E-13
3971.12	3.77925E-13
3972.12	3.77735E-13
3973.12	3.77545E-13
3974.12	3.78747E-13
3975.12	3.80304E-13
3976.12	3.82572E-13
3977.12	3.84852E-13
3978.12	3.87147E-13
3979.13	3.89453E-13
3980.13	3.91054E-13
3981.13	3.93386E-13
3982.13	3.9464E-13
3983.13	3.96262E-13
3984.13	3.97891E-13
3985.13	3.99896E-13
3986.13	4.0154E-13
3987.13	4.03191E-13
3988.13	4.04849E-13
3989.13	4.0614E-13
3990.13	4.07059E-13
3991.13	4.08357E-13
3992.13	4.09282E-13
3993.13	4.10587E-13
3994.13	4.11516E-13
3995.13	4.12069E-13
3996.13	4.12622E-13
3997.13	4.12796E-13
3998.13	4.12589E-13
3999.13	4.12383E-13
4000.13	4.12177E-13
4001.13	4.11971E-13
4002.13	4.11765E-13
4003.13	4.1118E-13
4004.13	4.10975E-13
4005.13	4.1077E-13
4006.13	4.10565E-13
4007.13	4.09605E-13
4008.13	4.08647E-13
4009.13	4.08443E-13
4010.13	4.07488E-13
4011.13	4.0691E-13
4012.13	4.05958E-13
4013.13	4.05009E-13
4014.13	4.04808E-13
4015.13	4.04606E-13
4016.13	4.0366E-13
4017.14	4.03086E-13
4018.14	4.02885E-13
4019.14	4.02685E-13
4020.14	4.02485E-13
4021.14	4.02284E-13
4022.14	4.02084E-13
4023.14	4.01885E-13
4024.14	4.01685E-13
4025.14	4.00746E-13
4026.14	4.00547E-13
4027.14	4.00348E-13
4028.14	4.01257E-13
4029.14	4.01058E-13
4030.14	4.00859E-13
4031.14	4.0066E-13
4032.14	3.99724E-13
4033.14	3.99526E-13
4034.14	3.98593E-13
4035.14	3.98395E-13
4036.14	3.98198E-13
4037.14	3.97268E-13
4038.14	3.97072E-13
4039.14	3.9651E-13
4040.14	3.96313E-13
4041.14	3.96117E-13
4042.14	3.95193E-13
4043.14	3.94997E-13
4044.14	3.94802E-13
4045.14	3.94607E-13
4046.14	3.95139E-13
4047.14	3.94944E-13
4048.14	3.94022E-13
4049.14	3.93828E-13
4050.14	3.93633E-13
4051.14	3.93439E-13
4052.14	3.92521E-13
4053.14	3.92327E-13
4054.15	3.92132E-13
4055.15	3.91578E-13
4056.15	3.90664E-13
4057.15	3.90472E-13
4058.15	3.90279E-13
4059.15	3.90087E-13
4060.15	3.89895E-13
4061.15	3.90421E-13
4062.15	3.90229E-13
4063.15	3.90397E-13
4064.15	3.90564E-13
4065.15	3.90372E-13
4066.15	3.89821E-13
4067.15	3.88912E-13
4068.15	3.88721E-13
4069.15	3.87815E-13
4070.15	3.87624E-13
4071.15	3.86721E-13
4072.15	3.86531E-13
4073.15	3.86341E-13
4074.15	3.85796E-13
4075.15	3.84897E-13
4076.15	3.84708E-13
4077.15	3.83812E-13
4078.15	3.82918E-13
4079.15	3.82377E-13
4080.15	3.80785E-13
4081.15	3.80248E-13
4082.15	3.79013E-13
4083.15	3.77782E-13
4084.15	3.76208E-13
4085.15	3.74296E-13
4086.15	3.72394E-13
4087.15	3.6982E-13
4088.15	3.67602E-13
4089.15	3.65397E-13
4090.15	3.62872E-13
4091.15	3.597E-13
4092.15	3.57214E-13
4093.16	3.5409E-13
4094.16	3.50996E-13
4095.16	3.46968E-13
4096.16	3.43303E-13
4097.16	3.39364E-13
4098.16	3.36089E-13
4099.16	3.33152E-13
4100.16	3.30849E-13
4101.16	3.28563E-13
4102.16	3.27496E-13
4103.16	3.26734E-13
4104.16	3.2778E-13
4105.16	3.2883E-13
4106.16	3.31711E-13
4107.16	3.34309E-13
4108.16	3.3786E-13
4109.16	3.41134E-13
4110.16	3.44123E-13
4111.16	3.46819E-13
4112.16	3.49858E-13
4113.16	3.52274E-13
4114.16	3.55033E-13
4115.16	3.57156E-13
4116.16	3.59292E-13
4117.16	3.60775E-13
4118.16	3.62264E-13
4119.16	3.62756E-13
4120.16	3.63583E-13
4121.16	3.64412E-13
4122.16	3.64907E-13
4123.16	3.65066E-13
4124.16	3.65562E-13
4125.16	3.65384E-13
4126.16	3.65207E-13
4127.16	3.6503E-13
4128.16	3.64518E-13
4129.16	3.64341E-13
4130.17	3.64163E-13
4131.17	3.63652E-13
4132.17	3.63476E-13
4133.17	3.633E-13
4134.17	3.62456E-13
4135.17	3.62614E-13
4136.17	3.61772E-13
4137.17	3.61597E-13
4138.17	3.60757E-13
4139.17	3.60251E-13
4140.17	3.60077E-13
4141.17	3.60235E-13
4142.17	3.60061E-13
4143.17	3.59225E-13
4144.17	3.59051E-13
4145.17	3.58218E-13
4146.17	3.58375E-13
4147.17	3.57872E-13
4148.17	3.577E-13
4149.17	3.56869E-13
4150.17	3.56697E-13
4151.17	3.56197E-13
4152.17	3.56026E-13
4153.17	3.55199E-13
4154.17	3.55028E-13
4155.17	3.54858E-13
4156.17	3.54687E-13
4157.17	3.54516E-13
4158.17	3.53694E-13
4159.17	3.53523E-13
4160.17	3.52703E-13
4161.17	3.52534E-13
4162.17	3.52364E-13
4163.17	3.52195E-13
4164.17	3.51378E-13
4165.17	3.51209E-13
4166.17	3.51688E-13
4167.17	3.51519E-13
4168.17	3.51027E-13
4169.18	3.50857E-13
4170.18	3.50366E-13
4171.18	3.49554E-13
4172.18	3.48743E-13
4173.18	3.48255E-13
4174.18	3.47768E-13
4175.18	3.47281E-13
4176.18	3.46795E-13
4177.18	3.46629E-13
4178.18	3.45826E-13
4179.18	3.4566E-13
4180.18	3.45177E-13
4181.18	3.44694E-13
4182.18	3.44212E-13
4183.18	3.44048E-13
4184.18	3.42934E-13
4185.18	3.4277E-13
4186.18	3.42607E-13
4187.18	3.41498E-13
4188.18	3.41335E-13
4189.18	3.40544E-13
4190.18	3.40068E-13
4191.18	3.39906E-13
4192.18	3.39119E-13
4193.18	3.38957E-13
4194.18	3.38795E-13
4195.18	3.38011E-13
4196.18	3.3785E-13
4197.18	3.37689E-13
4198.18	3.37528E-13
4199.18	3.37678E-13
4200.18	3.37517E-13
4201.18	3.37356E-13
4202.18	3.37196E-13
4203.18	3.36415E-13
4204.18	3.36255E-13
4205.18	3.35786E-13
4206.18	3.35626E-13
4207.18	3.35467E-13
4208.19	3.34689E-13
4209.19	3.3453E-13
4210.19	3.33755E-13
4211.19	3.33597E-13
4212.19	3.33438E-13
4213.19	3.33587E-13
4214.19	3.33429E-13
4215.19	3.32964E-13
4216.19	3.32806E-13
4217.19	3.32342E-13
4218.19	3.32184E-13
4219.19	3.32333E-13
4220.19	3.3187E-13
4221.19	3.31407E-13
4222.19	3.3125E-13
4223.19	3.30788E-13
4224.19	3.30632E-13
4225.19	3.30171E-13
4226.19	3.29711E-13
4227.19	3.28949E-13
4228.19	3.28188E-13
4229.19	3.27128E-13
4230.19	3.26672E-13
4231.19	3.26818E-13
4232.19	3.26664E-13
4233.19	3.27112E-13
4234.19	3.26957E-13
4235.19	3.26803E-13
4236.19	3.26649E-13
4237.19	3.25894E-13
4238.19	3.2604E-13
4239.19	3.25286E-13
4240.19	3.24834E-13
4241.19	3.2468E-13
4242.19	3.2393E-13
4243.19	3.23778E-13
4244.19	3.24222E-13
4245.19	3.24069E-13
4246.2	3.23915E-13
4247.2	3.23762E-13
4248.2	3.23908E-13
4249.2	3.23458E-13
4250.2	3.23305E-13
4251.2	3.23153E-13
4252.2	3.22407E-13
4253.2	3.21662E-13
4254.2	3.21511E-13
4255.2	3.20768E-13
4256.2	3.20323E-13
4257.2	3.19583E-13
4258.2	3.19433E-13
4259.2	3.19283E-13
4260.2	3.18546E-13
4261.2	3.18396E-13
4262.2	3.18247E-13
4263.2	3.18097E-13
4264.2	3.17363E-13
4265.2	3.17214E-13
4266.2	3.17066E-13
4267.2	3.16917E-13
4268.2	3.16769E-13
4269.2	3.1662E-13
4270.2	3.16472E-13
4271.2	3.16324E-13
4272.2	3.15885E-13
4273.2	3.15737E-13
4274.2	3.15589E-13
4275.2	3.14861E-13
4276.2	3.14714E-13
4277.2	3.14567E-13
4278.2	3.14419E-13
4279.2	3.14273E-13
4280.2	3.14705E-13
4281.2	3.14558E-13
4282.21	3.1441E-13
4283.21	3.14263E-13
4284.21	3.14116E-13
4285.21	3.14259E-13
4286.21	3.14112E-13
4287.21	3.13388E-13
4288.21	3.13242E-13
4289.21	3.13096E-13
4290.21	3.12374E-13
4291.21	3.12228E-13
4292.21	3.12083E-13
4293.21	3.11363E-13
4294.21	3.10932E-13
4295.21	3.10215E-13
4296.21	3.095E-13
4297.21	3.09356E-13
4298.21	3.08927E-13
4299.21	3.08215E-13
4300.21	3.08072E-13
4301.21	3.07362E-13
4302.21	3.07502E-13
4303.21	3.06794E-13
4304.21	3.06651E-13
4305.21	3.06509E-13
4306.21	3.06366E-13
4307.21	3.05942E-13
4308.21	3.058E-13
4309.21	3.05658E-13
4310.21	3.05517E-13
4311.21	3.05375E-13
4312.21	3.05233E-13
4313.21	3.0453E-13
4314.21	3.04389E-13
4315.21	3.04248E-13
4316.21	3.04107E-13
4317.21	3.03966E-13
4318.21	3.03266E-13
4319.21	3.02568E-13
4320.21	3.0215E-13
4321.22	3.00898E-13
4322.22	3.00205E-13
4323.22	2.99238E-13
4324.22	2.98E-13
4325.22	2.96767E-13
4326.22	2.94723E-13
4327.22	2.93234E-13
4328.22	2.90679E-13
4329.22	2.88411E-13
4330.22	2.85898E-13
4331.22	2.82625E-13
4332.22	2.7939E-13
4333.22	2.75683E-13
4334.22	2.71525E-13
4335.22	2.67676E-13
4336.22	2.64612E-13
4337.22	2.61101E-13
4338.22	2.5835E-13
4339.22	2.55863E-13
4340.22	2.54805E-13
4341.22	2.53985E-13
4342.22	2.54336E-13
4343.22	2.55392E-13
4344.22	2.56926E-13
4345.22	2.59662E-13
4346.22	2.62427E-13
4347.22	2.6571E-13
4348.22	2.69035E-13
4349.22	2.719E-13
4350.22	2.74795E-13
4351.22	2.76955E-13
4352.22	2.79389E-13
4353.22	2.81586E-13
4354.22	2.83277E-13
4355.22	2.84978E-13
4356.22	2.8669E-13
4357.22	2.87881E-13
4358.22	2.89077E-13
4359.23	2.90009E-13
4360.23	2.90678E-13
4361.23	2.91081E-13
4362.23	2.91484E-13
4363.23	2.91619E-13
4364.23	2.91754E-13
4365.23	2.9162E-13
4366.23	2.92024E-13
4367.23	2.9189E-13
4368.23	2.91757E-13
4369.23	2.91623E-13
4370.23	2.92027E-13
4371.23	2.91893E-13
4372.23	2.9176E-13
4373.23	2.91627E-13
4374.23	2.91493E-13
4375.23	2.9136E-13
4376.23	2.91227E-13
4377.23	2.91094E-13
4378.23	2.90961E-13
4379.23	2.90828E-13
4380.23	2.9016E-13
4381.23	2.90028E-13
4382.23	2.89895E-13
4383.23	2.89763E-13
4384.23	2.89098E-13
4385.23	2.88966E-13
4386.23	2.88568E-13
4387.23	2.87906E-13
4388.23	2.87775E-13
4389.23	2.87114E-13
4390.23	2.86984E-13
4391.23	2.86325E-13
4392.23	2.86195E-13
4393.23	2.85801E-13
4394.23	2.85145E-13
4395.23	2.85015E-13
4396.23	2.84886E-13
4397.24	2.84231E-13
4398.24	2.84102E-13
4399.24	2.83973E-13
4400.24	2.83843E-13
4401.24	2.83714E-13
4402.24	2.83064E-13
4403.24	2.82935E-13
4404.24	2.82546E-13
4405.24	2.82418E-13
4406.24	2.8177E-13
4407.24	2.81643E-13
4408.24	2.80997E-13
4409.24	2.80869E-13
4410.24	2.80742E-13
4411.24	2.80098E-13
4412.24	2.79713E-13
4413.24	2.79587E-13
4414.24	2.7946E-13
4415.24	2.78819E-13
4416.24	2.78693E-13
4417.24	2.78567E-13
4418.24	2.77928E-13
4419.24	2.77803E-13
4420.24	2.77421E-13
4421.24	2.76786E-13
4422.24	2.7666E-13
4423.24	2.76535E-13
4424.24	2.7641E-13
4425.24	2.75777E-13
4426.24	2.75652E-13
4427.24	2.75528E-13
4428.24	2.75403E-13
4429.24	2.75279E-13
4430.24	2.75155E-13
4431.24	2.74524E-13
4432.24	2.74401E-13
4433.24	2.74277E-13
4434.25	2.739E-13
4435.25	2.73272E-13
4436.25	2.73149E-13
4437.25	2.73026E-13
4438.25	2.72903E-13
4439.25	2.7278E-13
4440.25	2.72657E-13
4441.25	2.72033E-13
4442.25	2.72161E-13
4443.25	2.72038E-13
4444.25	2.71916E-13
4445.25	2.71794E-13
4446.25	2.71671E-13
4447.25	2.71049E-13
4448.25	2.70928E-13
4449.25	2.70806E-13
4450.25	2.70435E-13
4451.25	2.70313E-13
4452.25	2.70192E-13
4453.25	2.7032E-13
4454.25	2.69701E-13
4455.25	2.6958E-13
4456.25	2.68963E-13
4457.25	2.68842E-13
4458.25	2.68722E-13
4459.25	2.68107E-13
4460.25	2.67987E-13
4461.25	2.67867E-13
4462.25	2.67747E-13
4463.25	2.67627E-13
4464.25	2.67014E-13
4465.25	2.66895E-13
4466.25	2.66284E-13
4467.25	2.6641E-13
4468.25	2.66291E-13
4469.25	2.65682E-13
4470.25	2.65319E-13
4471.25	2.652E-13
4472.26	2.64836E-13
4473.26	2.64718E-13
4474.26	2.64113E-13
4475.26	2.63752E-13
4476.26	2.63149E-13
4477.26	2.63273E-13
4478.26	2.62672E-13
4479.26	2.62554E-13
4480.26	2.62437E-13
4481.26	2.62562E-13
4482.26	2.62445E-13
4483.26	2.61845E-13
4484.26	2.61728E-13
4485.26	2.61611E-13
4486.26	2.61495E-13
4487.26	2.60897E-13
4488.26	2.60781E-13
4489.26	2.60665E-13
4490.26	2.60309E-13
4491.26	2.60193E-13
4492.26	2.60077E-13
4493.26	2.59961E-13
4494.26	2.59846E-13
4495.26	2.5973E-13
4496.26	2.59854E-13
4497.26	2.59738E-13
4498.26	2.59145E-13
4499.26	2.58791E-13
4500.26	2.58676E-13
4501.26	2.58561E-13
4502.26	2.57971E-13
4503.26	2.57856E-13
4504.26	2.57742E-13
4505.26	2.5739E-13
4506.26	2.57276E-13
4507.26	2.57162E-13
4508.26	2.57048E-13
4509.27	2.5646E-13
4510.27	2.55874E-13
4511.27	2.55761E-13
4512.27	2.55647E-13
4513.27	2.55534E-13
4514.27	2.55421E-13
4515.27	2.55308E-13
4516.27	2.55195E-13
4517.27	2.54612E-13
4518.27	2.54265E-13
4519.27	2.54621E-13
4520.27	2.54509E-13
4521.27	2.54396E-13
4522.27	2.5405E-13
4523.27	2.53937E-13
4524.27	2.53825E-13
4525.27	2.53479E-13
4526.27	2.53367E-13
4527.27	2.53255E-13
4528.27	2.53144E-13
4529.27	2.52799E-13
4530.27	2.52687E-13
4531.27	2.52111E-13
4532.27	2.51768E-13
4533.27	2.51657E-13
4534.27	2.51083E-13
4535.27	2.50049E-13
4536.27	2.49479E-13
4537.27	2.4891E-13
4538.27	2.48114E-13
4539.27	2.4732E-13
4540.27	2.46756E-13
4541.27	2.46648E-13
4542.27	2.46539E-13
4543.27	2.46204E-13
4544.27	2.46095E-13
4545.27	2.45987E-13
4546.27	2.46332E-13
4547.27	2.46224E-13
4548.27	2.46569E-13
4549.28	2.46233E-13
4550.28	2.46579E-13
4551.28	2.4647E-13
4552.28	2.46589E-13
4553.28	2.46481E-13
4554.28	2.46372E-13
4555.28	2.46264E-13
4556.28	2.46156E-13
4557.28	2.46048E-13
4558.28	2.45714E-13
4559.28	2.45606E-13
4560.28	2.45047E-13
4561.28	2.44939E-13
4562.28	2.44381E-13
4563.28	2.44274E-13
4564.28	2.44167E-13
4565.28	2.43611E-13
4566.28	2.43504E-13
4567.28	2.43398E-13
4568.28	2.43291E-13
4569.28	2.43185E-13
4570.28	2.43078E-13
4571.28	2.42972E-13
4572.28	2.42642E-13
4573.28	2.4209E-13
4574.28	2.41984E-13
4575.28	2.41878E-13
4576.28	2.41327E-13
4577.28	2.41222E-13
4578.28	2.41116E-13
4579.28	2.41011E-13
4580.28	2.40906E-13
4581.28	2.40801E-13
4582.28	2.40696E-13
4583.28	2.40591E-13
4584.28	2.40486E-13
4585.28	2.39938E-13
4586.29	2.39612E-13
4587.29	2.39508E-13
4588.29	2.39403E-13
4589.29	2.38858E-13
4590.29	2.38754E-13
4591.29	2.3865E-13
4592.29	2.38107E-13
4593.29	2.38004E-13
4594.29	2.37462E-13
4595.29	2.37141E-13
4596.29	2.36601E-13
4597.29	2.36498E-13
4598.29	2.3596E-13
4599.29	2.35858E-13
4600.29	2.35755E-13
4601.29	2.35436E-13
4602.29	2.349E-13
4603.29	2.34798E-13
4604.29	2.34264E-13
4605.29	2.34163E-13
4606.29	2.3363E-13
4607.29	2.33529E-13
4608.29	2.33428E-13
4609.29	2.33326E-13
4610.29	2.3301E-13
4611.29	2.32909E-13
4612.29	2.3238E-13
4613.29	2.32279E-13
4614.29	2.32178E-13
4615.29	2.32078E-13
4616.29	2.31977E-13
4617.29	2.31663E-13
4618.29	2.31563E-13
4619.29	2.31463E-13
4620.29	2.30937E-13
4621.29	2.30837E-13
4622.29	2.30737E-13
4623.3	2.30636E-13
4624.3	2.30112E-13
4625.3	2.30013E-13
4626.3	2.29913E-13
4627.3	2.29814E-13
4628.3	2.29715E-13
4629.3	2.29615E-13
4630.3	2.29305E-13
4631.3	2.29206E-13
4632.3	2.29107E-13
4633.3	2.29008E-13
4634.3	2.28488E-13
4635.3	2.28389E-13
4636.3	2.28291E-13
4637.3	2.28192E-13
4638.3	2.27674E-13
4639.3	2.27576E-13
4640.3	2.27478E-13
4641.3	2.2738E-13
4642.3	2.27282E-13
4643.3	2.27184E-13
4644.3	2.27086E-13
4645.3	2.26571E-13
4646.3	2.26265E-13
4647.3	2.26168E-13
4648.3	2.2607E-13
4649.3	2.25973E-13
4650.3	2.2546E-13
4651.3	2.25363E-13
4652.3	2.25266E-13
4653.3	2.24755E-13
4654.3	2.24659E-13
4655.3	2.24149E-13
4656.3	2.23846E-13
4657.3	2.23544E-13
4658.3	2.23037E-13
4659.3	2.22941E-13
4660.31	2.22434E-13
4661.31	2.22339E-13
4662.31	2.22244E-13
4663.31	2.21944E-13
4664.31	2.21849E-13
4665.31	2.21345E-13
4666.31	2.21251E-13
4667.31	2.21156E-13
4668.31	2.20654E-13
4669.31	2.2056E-13
4670.31	2.2006E-13
4671.31	2.19763E-13
4672.31	2.19265E-13
4673.31	2.18365E-13
4674.31	2.17669E-13
4675.31	2.16576E-13
4676.31	2.15688E-13
4677.31	2.14605E-13
4678.31	2.13134E-13
4679.31	2.11674E-13
4680.31	2.10224E-13
4681.31	2.084E-13
4682.31	2.06781E-13
4683.31	2.04987E-13
4684.31	2.03021E-13
4685.31	2.02188E-13
4686.31	2.01544E-13
4687.31	2.01829E-13
4688.31	2.01929E-13
4689.31	2.02588E-13
4690.31	2.03811E-13
4691.31	2.04665E-13
4692.31	2.05901E-13
4693.31	2.07144E-13
4694.31	2.08395E-13
4695.31	2.09654E-13
4696.31	2.10532E-13
4697.31	2.11414E-13
4698.32	2.12103E-13
4699.32	2.12599E-13
4700.32	2.12901E-13
4701.32	2.11442E-13
4703.32	2.10486E-13
4705.32	2.10695E-13
4707.32	2.11293E-13
4709.32	2.11308E-13
4711.32	2.11518E-13
4713.32	2.11338E-13
4715.32	2.11159E-13
4717.32	2.1098E-13
4719.32	2.1119E-13
4721.32	2.11011E-13
4723.32	2.10444E-13
4725.32	2.10266E-13
4727.32	2.10088E-13
4729.32	2.09524E-13
4731.32	2.09347E-13
4733.32	2.08978E-13
4735.33	2.08993E-13
4737.33	2.08816E-13
4739.33	2.08256E-13
4741.33	2.0808E-13
4743.33	2.07905E-13
4745.33	2.07347E-13
4747.33	2.07173E-13
4749.33	2.06617E-13
4751.33	2.06444E-13
4753.33	2.0608E-13
4755.33	2.05528E-13
4757.33	2.05355E-13
4759.33	2.05371E-13
4761.33	2.04821E-13
4763.33	2.04649E-13
4765.33	2.04101E-13
4767.33	2.03742E-13
4769.33	2.03197E-13
4771.33	2.02653E-13
4773.33	2.0211E-13
4775.33	2.01755E-13
4777.34	2.014E-13
4779.34	2.00861E-13
4781.34	2.00693E-13
4783.34	2.00525E-13
4785.34	2.00358E-13
4787.34	1.99822E-13
4789.34	1.99471E-13
4791.34	1.99488E-13
4793.34	1.99322E-13
4795.34	1.98789E-13
4797.34	1.98623E-13
4799.34	1.98093E-13
4801.34	1.97928E-13
4803.34	1.97581E-13
4805.34	1.97235E-13
4807.34	1.97071E-13
4809.34	1.96907E-13
4811.35	1.9638E-13
4813.35	1.96217E-13
4815.35	1.95874E-13
4817.35	1.95711E-13
4819.35	1.95369E-13
4821.35	1.94847E-13
4823.35	1.94686E-13
4825.35	1.94524E-13
4827.35	1.94542E-13
4829.35	1.94381E-13
4831.35	1.9422E-13
4833.35	1.93702E-13
4835.35	1.93186E-13
4837.35	1.92849E-13
4839.35	1.92512E-13
4841.35	1.91469E-13
4843.35	1.90607E-13
4845.35	1.89226E-13
4847.35	1.87682E-13
4849.36	1.85979E-13
4851.36	1.84291E-13
4853.36	1.81948E-13
4855.36	1.798E-13
4857.36	1.77677E-13
4859.36	1.75579E-13
4861.36	1.73507E-13
4863.36	1.71933E-13
4865.36	1.71475E-13
4867.36	1.70862E-13
4869.36	1.70721E-13
4871.36	1.72318E-13
4873.36	1.7361E-13
4875.36	1.75395E-13
4877.36	1.77526E-13
4879.36	1.79683E-13
4881.36	1.81865E-13
4883.36	1.8306E-13
4885.36	1.84773E-13
4887.37	1.85815E-13
4889.37	1.86006E-13
4891.37	1.86025E-13
4893.37	1.86215E-13
4895.37	1.85721E-13
4897.37	1.85398E-13
4899.37	1.84906E-13
4901.37	1.84245E-13
4903.37	1.83756E-13
4905.37	1.83607E-13
4907.37	1.83288E-13
4909.37	1.82802E-13
4911.37	1.82317E-13
4913.37	1.82168E-13
4915.37	1.81685E-13
4917.37	1.81203E-13
4919.37	1.81056E-13
4921.38	1.80908E-13
4923.38	1.80761E-13
4925.38	1.80781E-13
4927.38	1.80468E-13
4929.38	1.80654E-13
4931.38	1.80175E-13
4933.38	1.80029E-13
4935.38	1.79883E-13
4937.38	1.79407E-13
4939.38	1.78931E-13
4941.38	1.78787E-13
4943.38	1.78642E-13
4945.38	1.78005E-13
4947.38	1.77861E-13
4949.38	1.77717E-13
4951.38	1.77574E-13
4953.38	1.76941E-13
4955.38	1.76635E-13
4957.38	1.76493E-13
4959.38	1.76026E-13
4961.39	1.75883E-13
4963.39	1.75257E-13
4965.39	1.74954E-13
4967.39	1.74492E-13
4969.39	1.74351E-13
4971.39	1.73891E-13
4973.39	1.73591E-13
4975.39	1.73132E-13
4977.39	1.72993E-13
4979.39	1.72854E-13
4981.39	1.72556E-13
4983.39	1.721E-13
4985.39	1.71804E-13
4987.39	1.7135E-13
4989.39	1.71213E-13
4991.39	1.71076E-13
4993.39	1.70624E-13
4995.39	1.70488E-13
4997.4	1.7035E-13
4999.4	1.70214E-13
5001.4	1.69922E-13
5003.4	1.69786E-13
5005.4	1.69338E-13
5007.4	1.69203E-13
5009.4	1.69068E-13
5011.4	1.68933E-13
5013.4	1.68487E-13
5015.4	1.68353E-13
5017.4	1.68219E-13
5019.4	1.68085E-13
5021.4	1.67642E-13
5023.4	1.67354E-13
5025.4	1.67067E-13
5027.4	1.66934E-13
5029.4	1.66494E-13
5031.4	1.66362E-13
5033.4	1.6623E-13
5035.41	1.65791E-13
5037.41	1.6566E-13
5039.41	1.65528E-13
5041.41	1.65093E-13
5043.41	1.64658E-13
5045.41	1.64528E-13
5047.41	1.64246E-13
5049.41	1.63965E-13
5051.41	1.63835E-13
5053.41	1.63404E-13
5055.41	1.63275E-13
5057.41	1.62845E-13
5059.41	1.62717E-13
5061.41	1.62738E-13
5063.41	1.62609E-13
5065.41	1.62331E-13
5067.41	1.61905E-13
5069.41	1.61777E-13
5071.42	1.61649E-13
5073.42	1.6167E-13
5075.42	1.61246E-13
5077.42	1.60822E-13
5079.42	1.60547E-13
5081.42	1.60421E-13
5083.42	1.6E-13
5085.42	1.59874E-13
5087.42	1.59454E-13
5089.42	1.59329E-13
5091.42	1.58911E-13
5093.42	1.5864E-13
5095.42	1.58662E-13
5097.42	1.58245E-13
5099.42	1.58121E-13
5101.42	1.57561E-13
5103.42	1.57438E-13
5105.42	1.57314E-13
5107.42	1.56902E-13
5109.42	1.56779E-13
5111.42	1.56512E-13
5113.43	1.56389E-13
5115.43	1.56267E-13
5117.43	1.55858E-13
5119.43	1.55736E-13
5121.43	1.55328E-13
5123.43	1.55064E-13
5125.43	1.54943E-13
5127.43	1.54679E-13
5129.43	1.54559E-13
5131.43	1.54154E-13
5133.43	1.53892E-13
5135.43	1.53772E-13
5137.43	1.53653E-13
5139.43	1.5325E-13
5141.43	1.53131E-13
5143.43	1.52871E-13
5145.43	1.52471E-13
5147.44	1.52352E-13
5149.44	1.52234E-13
5151.44	1.51696E-13
5153.44	1.51578E-13
5155.44	1.51321E-13
5157.44	1.51204E-13
5159.44	1.50809E-13
5161.44	1.50553E-13
5163.44	1.50298E-13
5165.44	1.50182E-13
5167.44	1.49927E-13
5169.44	1.49536E-13
5171.44	1.4942E-13
5173.44	1.49167E-13
5175.44	1.48915E-13
5177.44	1.488E-13
5179.44	1.48411E-13
5181.44	1.4816E-13
5183.44	1.48046E-13
5185.44	1.47795E-13
5187.45	1.47545E-13
5189.45	1.47295E-13
5191.45	1.47182E-13
5193.45	1.46933E-13
5195.45	1.4655E-13
5197.45	1.46437E-13
5199.45	1.4619E-13
5201.45	1.45943E-13
5203.45	1.45696E-13
5205.45	1.45584E-13
5207.45	1.45339E-13
5209.45	1.45093E-13
5211.45	1.44849E-13
5213.45	1.44604E-13
5215.45	1.44627E-13
5217.45	1.4425E-13
5219.45	1.44139E-13
5221.45	1.44029E-13
5223.45	1.43786E-13
5225.46	1.43675E-13
5227.46	1.43301E-13
5229.46	1.43192E-13
5231.46	1.43214E-13
5233.46	1.42841E-13
5235.46	1.42732E-13
5237.46	1.42361E-13
5239.46	1.42121E-13
5241.46	1.41751E-13
5243.46	1.41774E-13
5245.46	1.41405E-13
5247.46	1.41297E-13
5249.46	1.41189E-13
5251.46	1.40822E-13
5253.46	1.40845E-13
5255.46	1.40608E-13
5257.46	1.40501E-13
5259.46	1.40394E-13
5261.47	1.40287E-13
5263.47	1.4031E-13
5265.47	1.40203E-13
5267.47	1.40097E-13
5269.47	1.3999E-13
5271.47	1.39884E-13
5273.47	1.39907E-13
5275.47	1.39543E-13
5277.47	1.39438E-13
5279.47	1.39076E-13
5281.47	1.3897E-13
5283.47	1.38737E-13
5285.47	1.38505E-13
5287.47	1.38145E-13
5289.47	1.37787E-13
5291.47	1.37556E-13
5293.47	1.37199E-13
5295.47	1.36843E-13
5297.47	1.36866E-13
5299.48	1.3651E-13
5301.48	1.36407E-13
5303.48	1.36179E-13
5305.48	1.35826E-13
5307.48	1.35723E-13
5309.48	1.35372E-13
5311.48	1.3527E-13
5313.48	1.35168E-13
5315.48	1.35066E-13
5317.48	1.34716E-13
5319.48	1.34615E-13
5321.48	1.34514E-13
5323.48	1.34289E-13
5325.48	1.34188E-13
5327.48	1.34087E-13
5329.48	1.33987E-13
5331.48	1.3364E-13
5333.48	1.3354E-13
5335.49	1.33193E-13
5337.49	1.32971E-13
5339.49	1.32627E-13
5341.49	1.32406E-13
5343.49	1.32307E-13
5345.49	1.31964E-13
5347.49	1.31866E-13
5349.49	1.31525E-13
5351.49	1.31426E-13
5353.49	1.30966E-13
5355.49	1.30868E-13
5357.49	1.3065E-13
5359.49	1.30312E-13
5361.49	1.30215E-13
5363.49	1.30118E-13
5365.49	1.29782E-13
5367.49	1.29685E-13
5369.49	1.29588E-13
5371.49	1.29492E-13
5373.5	1.29157E-13
5375.5	1.29061E-13
5377.5	1.28727E-13
5379.5	1.28632E-13
5381.5	1.28536E-13
5383.5	1.28204E-13
5385.5	1.28109E-13
5387.5	1.27778E-13
5389.5	1.27683E-13
5391.5	1.27471E-13
5393.5	1.27025E-13
5395.5	1.26698E-13
5397.5	1.26371E-13
5399.5	1.26161E-13
5401.5	1.25604E-13
5403.5	1.25165E-13
5405.5	1.24612E-13
5407.5	1.24176E-13
5409.51	1.23628E-13
5411.51	1.23423E-13
5413.51	1.22878E-13
5415.51	1.22561E-13
5417.51	1.22471E-13
5419.51	1.2238E-13
5421.51	1.22516E-13
5423.51	1.22651E-13
5425.51	1.22786E-13
5427.51	1.22809E-13
5429.51	1.22945E-13
5431.51	1.23081E-13
5433.51	1.23331E-13
5435.51	1.2324E-13
5437.51	1.23149E-13
5439.51	1.23286E-13
5441.51	1.22968E-13
5443.51	1.22878E-13
5445.51	1.22788E-13
5447.52	1.22697E-13
5449.52	1.22381E-13
5451.52	1.22179E-13
5453.52	1.22089E-13
5455.52	1.21775E-13
5457.52	1.21686E-13
5459.52	1.21373E-13
5461.52	1.21284E-13
5463.52	1.21084E-13
5465.52	1.21107E-13
5467.52	1.20796E-13
5469.52	1.20707E-13
5471.52	1.20619E-13
5473.52	1.20309E-13
5475.52	1.20221E-13
5477.52	1.19912E-13
5479.52	1.19825E-13
5481.52	1.19627E-13
5483.53	1.19319E-13
5485.53	1.19232E-13
5487.53	1.18926E-13
5489.53	1.1884E-13
5491.53	1.18535E-13
5493.53	1.18339E-13
5495.53	1.18253E-13
5497.53	1.18167E-13
5499.53	1.17864E-13
5501.53	1.17778E-13
5503.53	1.17693E-13
5505.53	1.17391E-13
5507.53	1.17305E-13
5509.53	1.1722E-13
5511.53	1.17135E-13
5513.53	1.1705E-13
5515.53	1.1675E-13
5517.53	1.16665E-13
5519.53	1.16474E-13
5521.53	1.16389E-13
5523.54	1.1609E-13
5525.54	1.16006E-13
5527.54	1.15923E-13
5529.54	1.15839E-13
5531.54	1.15542E-13
5533.54	1.15458E-13
5535.54	1.15375E-13
5537.54	1.15292E-13
5539.54	1.15208E-13
5541.54	1.15019E-13
5543.54	1.14725E-13
5545.54	1.14642E-13
5547.54	1.14349E-13
5549.54	1.14266E-13
5551.54	1.13974E-13
5553.54	1.13787E-13
5555.54	1.13705E-13
5557.54	1.13414E-13
5559.54	1.13332E-13
5561.55	1.1325E-13
5563.55	1.12961E-13
5565.55	1.1288E-13
5567.55	1.12695E-13
5569.55	1.12614E-13
5571.55	1.12326E-13
5573.55	1.12245E-13
5575.55	1.12165E-13
5577.55	1.11981E-13
5579.55	1.11901E-13
5581.55	1.11821E-13
5583.55	1.11535E-13
5585.55	1.11455E-13
5587.55	1.11375E-13
5589.55	1.11296E-13
5591.55	1.11216E-13
5593.55	1.10932E-13
5595.55	1.10853E-13
5597.56	1.10569E-13
5599.56	1.10388E-13
5601.56	1.1031E-13
5603.56	1.10028E-13
5605.56	1.0995E-13
5607.56	1.09871E-13
5609.56	1.09591E-13
5611.56	1.09513E-13
5613.56	1.09435E-13
5615.56	1.09155E-13
5617.56	1.08977E-13
5619.56	1.089E-13
5621.56	1.08622E-13
5623.56	1.08545E-13
5625.56	1.08268E-13
5627.56	1.08191E-13
5629.56	1.08015E-13
5631.56	1.07739E-13
5633.56	1.07663E-13
5635.57	1.07685E-13
5637.57	1.07411E-13
5639.57	1.07335E-13
5641.57	1.07061E-13
5643.57	1.06985E-13
5645.57	1.06909E-13
5647.57	1.06834E-13
5649.57	1.0666E-13
5651.57	1.06584E-13
5653.57	1.06313E-13
5655.57	1.06238E-13
5657.57	1.05967E-13
5659.57	1.05892E-13
5661.57	1.05818E-13
5663.57	1.05548E-13
5665.57	1.05377E-13
5667.57	1.05302E-13
5669.57	1.05034E-13
5671.57	1.0496E-13
5673.58	1.04886E-13
5675.58	1.04716E-13
5677.58	1.04642E-13
5679.58	1.04568E-13
5681.58	1.04494E-13
5683.58	1.04229E-13
5685.58	1.0406E-13
5687.58	1.03986E-13
5689.58	1.03722E-13
5691.58	1.03649E-13
5693.58	1.03386E-13
5695.58	1.03313E-13
5697.58	1.03241E-13
5699.58	1.03168E-13
5701.58	1.03096E-13
5703.58	1.02834E-13
5705.58	1.02762E-13
5707.58	1.0269E-13
5709.59	1.02523E-13
5711.59	1.02451E-13
5713.59	1.0238E-13
5715.59	1.02308E-13
5717.59	1.02048E-13
5719.59	1.01977E-13
5721.59	1.01906E-13
5723.59	1.01647E-13
5725.59	1.01576E-13
5727.59	1.01505E-13
5729.59	1.01341E-13
5731.59	1.0127E-13
5733.59	1.01199E-13
5735.59	1.01129E-13
5737.59	1.00872E-13
5739.59	1.00802E-13
5741.59	1.00732E-13
5743.59	1.00662E-13
5745.59	1.00592E-13
5747.6	1.00336E-13
5749.6	1.00267E-13
5751.6	1.00197E-13
5753.6	9.9943E-14
5755.6	9.98735E-14
5757.6	9.98042E-14
5759.6	9.9643E-14
5761.6	9.93906E-14
5763.6	9.93217E-14
5765.6	9.92528E-14
5767.6	9.91839E-14
5769.6	9.89328E-14
5771.6	9.88642E-14
5773.6	9.87957E-14
5775.6	9.85456E-14
5777.6	9.83868E-14
5779.6	9.83187E-14
5781.6	9.82507E-14
5783.61	9.80017E-14
5785.61	9.7934E-14
5787.61	9.78663E-14
5789.61	9.77987E-14
5791.61	9.75513E-14
5793.61	9.74839E-14
5795.61	9.7327E-14
5797.61	9.70809E-14
5799.61	9.69246E-14
5801.61	9.68578E-14
5803.61	9.6791E-14
5805.61	9.65464E-14
5807.61	9.64799E-14
5809.61	9.64135E-14
5811.61	9.63471E-14
5813.61	9.62808E-14
5815.61	9.60376E-14
5817.61	9.58832E-14
5819.62	9.5817E-14
5821.62	9.55749E-14
5823.62	9.54214E-14
5825.62	9.53558E-14
5827.62	9.52904E-14
5829.62	9.50498E-14
5831.62	9.49846E-14
5833.62	9.47448E-14
5835.62	9.46799E-14
5837.62	9.44409E-14
5839.62	9.42025E-14
5841.62	9.4138E-14
5843.62	9.39005E-14
5845.62	9.38362E-14
5847.62	9.3772E-14
5849.62	9.35355E-14
5851.62	9.34715E-14
5853.62	9.34077E-14
5855.62	9.32579E-14
5857.62	9.29371E-14
5859.63	9.28734E-14
5861.63	9.281E-14
5863.63	9.27467E-14
5865.63	9.26835E-14
5867.63	9.24498E-14
5869.63	9.23869E-14
5871.63	9.23239E-14
5873.63	9.20913E-14
5875.63	9.19439E-14
5877.63	9.18813E-14
5879.63	9.16498E-14
5881.63	9.15875E-14
5883.63	9.1441E-14
5885.63	9.13789E-14
5887.63	9.11487E-14
5889.63	9.10868E-14
5891.63	9.1025E-14
5893.64	9.09629E-14
5895.64	9.07339E-14
5897.64	9.05889E-14
5899.64	9.05275E-14
5901.64	9.04662E-14
5903.64	9.02385E-14
5905.64	9.01774E-14
5907.64	9.01163E-14
5909.64	9.00554E-14
5911.64	8.98288E-14
5913.64	8.97681E-14
5915.64	8.96248E-14
5917.64	8.93994E-14
5919.64	8.9339E-14
5921.64	8.92787E-14
5923.64	8.90542E-14
5925.64	8.90761E-14
5927.64	8.9016E-14
5929.64	8.89559E-14
5931.65	8.88957E-14
5933.65	8.88358E-14
5935.65	8.86125E-14
5937.65	8.85528E-14
5939.65	8.84932E-14
5941.65	8.83522E-14
5943.65	8.81303E-14
5945.65	8.8071E-14
5947.65	8.80118E-14
5949.65	8.77908E-14
5951.65	8.77318E-14
5953.65	8.77536E-14
5955.65	8.76947E-14
5957.65	8.74745E-14
5959.65	8.74158E-14
5961.65	8.73572E-14
5963.65	8.72986E-14
5965.65	8.71598E-14
5967.65	8.69411E-14
5969.66	8.68825E-14
5971.66	8.68243E-14
5973.66	8.67662E-14
5975.66	8.65486E-14
5977.66	8.64907E-14
5979.66	8.65125E-14
5981.66	8.64546E-14
5983.66	8.62378E-14
5985.66	8.61802E-14
5987.66	8.60434E-14
5989.66	8.59859E-14
5991.66	8.59285E-14
5993.66	8.58712E-14
5995.66	8.5656E-14
5997.66	8.55989E-14
5999.66	8.55418E-14
6001.66	8.54848E-14
6003.67	8.52703E-14
6005.67	8.52136E-14
6007.67	8.51568E-14
6009.67	8.49435E-14
6011.67	8.48089E-14
6013.67	8.47525E-14
6015.67	8.46961E-14
6017.67	8.46399E-14
6019.67	8.4428E-14
6021.67	8.43719E-14
6023.67	8.43159E-14
6025.67	8.41048E-14
6027.67	8.4049E-14
6029.67	8.39933E-14
6031.67	8.38603E-14
6033.67	8.38047E-14
6035.67	8.35951E-14
6037.67	8.35397E-14
6039.67	8.34844E-14
6041.67	8.32756E-14
6043.68	8.32202E-14
6045.68	8.31651E-14
6047.68	8.31101E-14
6049.68	8.29023E-14
6051.68	8.28476E-14
6053.68	8.27928E-14
6055.68	8.27381E-14
6057.68	8.26074E-14
6059.68	8.2401E-14
6061.68	8.23466E-14
6063.68	8.22923E-14
6065.68	8.20867E-14
6067.68	8.1957E-14
6069.68	8.1903E-14
6071.68	8.18491E-14
6073.68	8.16447E-14
6075.68	8.15158E-14
6077.68	8.14622E-14
6079.69	8.14083E-14
6081.69	8.13548E-14
6083.69	8.11517E-14
6085.69	8.10983E-14
6087.69	8.10451E-14
6089.69	8.08428E-14
6091.69	8.07897E-14
6093.69	8.07367E-14
6095.69	8.05352E-14
6097.69	8.04824E-14
6099.69	8.03556E-14
6101.69	8.03029E-14
6103.69	8.02503E-14
6105.69	8.01977E-14
6107.69	7.99241E-14
6109.69	7.98718E-14
6111.69	7.98195E-14
6113.69	7.96205E-14
6115.69	7.95684E-14
6117.7	7.95161E-14
6119.7	7.93179E-14
6121.7	7.92661E-14
6123.7	7.91414E-14
6125.7	7.90897E-14
6127.7	7.90381E-14
6129.7	7.89866E-14
6131.7	7.8935E-14
6133.7	7.87384E-14
6135.7	7.86871E-14
6137.7	7.86358E-14
6139.7	7.844E-14
6141.7	7.83889E-14
6143.7	7.83378E-14
6145.7	7.82148E-14
6147.7	7.80201E-14
6149.7	7.79693E-14
6151.7	7.77752E-14
6153.71	7.77244E-14
6155.71	7.76739E-14
6157.71	7.74806E-14
6159.71	7.74303E-14
6161.71	7.73088E-14
6163.71	7.71165E-14
6165.71	7.69246E-14
6167.71	7.68748E-14
6169.71	7.66835E-14
6171.71	7.66338E-14
6173.71	7.65137E-14
6175.71	7.64641E-14
6177.71	7.64146E-14
6179.71	7.62246E-14
6181.71	7.61753E-14
6183.71	7.5986E-14
6185.71	7.59368E-14
6187.71	7.57481E-14
6189.71	7.56992E-14
6191.72	7.565E-14
6193.72	7.5462E-14
6195.72	7.54133E-14
6197.72	7.53647E-14
6199.72	7.51774E-14
6201.72	7.5129E-14
6203.72	7.50805E-14
6205.72	7.50321E-14
6207.72	7.48458E-14
6209.72	7.47287E-14
6211.72	7.46806E-14
6213.72	7.46325E-14
6215.72	7.44473E-14
6217.72	7.42625E-14
6219.72	7.42147E-14
6221.72	7.4167E-14
6223.72	7.39829E-14
6225.72	7.39354E-14
6227.73	7.37517E-14
6229.73	7.37044E-14
6231.73	7.36571E-14
6233.73	7.34743E-14
6235.73	7.34272E-14
6237.73	7.33801E-14
6239.73	7.33331E-14
6241.73	7.32861E-14
6243.73	7.32392E-14
6245.73	7.32597E-14
6247.73	7.31454E-14
6249.73	7.30986E-14
6251.73	7.29174E-14
6253.73	7.28708E-14
6255.73	7.28242E-14
6257.73	7.26437E-14
6259.73	7.25973E-14
6261.73	7.25509E-14
6263.73	7.25046E-14
6265.74	7.24581E-14
6267.74	7.22786E-14
6269.74	7.2166E-14
6271.74	7.21864E-14
6273.74	7.20076E-14
6275.74	7.19618E-14
6277.74	7.17836E-14
6279.74	7.16058E-14
6281.74	7.14943E-14
6283.74	7.14488E-14
6285.74	7.14034E-14
6287.74	7.1358E-14
6289.74	7.13126E-14
6291.74	7.12673E-14
6293.74	7.10909E-14
6295.74	7.10457E-14
6297.74	7.10006E-14
6299.74	7.09556E-14
6301.74	7.078E-14
6303.75	7.07349E-14
6305.75	7.069E-14
6307.75	7.06452E-14
6309.75	7.06004E-14
6311.75	7.05557E-14
6313.75	7.0511E-14
6315.75	7.04663E-14
6317.75	7.03569E-14
6319.75	7.03124E-14
6321.75	7.01386E-14
6323.75	7.00942E-14
6325.75	7.00499E-14
6327.75	7.00056E-14
6329.75	6.99614E-14
6331.75	6.99172E-14
6333.75	6.97445E-14
6335.75	6.97004E-14
6337.75	6.95923E-14
6339.75	6.94204E-14
6341.75	6.93767E-14
6343.76	6.92689E-14
6345.76	6.90978E-14
6347.76	6.90543E-14
6349.76	6.88838E-14
6351.76	6.88404E-14
6353.76	6.86705E-14
6355.76	6.86273E-14
6357.76	6.85841E-14
6359.76	6.84148E-14
6361.76	6.83718E-14
6363.76	6.83288E-14
6365.76	6.81602E-14
6367.76	6.81174E-14
6369.76	6.80747E-14
6371.76	6.79067E-14
6373.76	6.78641E-14
6375.76	6.78215E-14
6377.77	6.75918E-14
6379.77	6.74872E-14
6381.77	6.74449E-14
6383.77	6.72786E-14
6385.77	6.72365E-14
6387.77	6.71944E-14
6389.77	6.70288E-14
6391.77	6.69868E-14
6393.77	6.68833E-14
6395.77	6.67185E-14
6397.77	6.67997E-14
6399.77	6.67579E-14
6401.77	6.67162E-14
6403.77	6.66746E-14
6405.77	6.66329E-14
6407.77	6.65913E-14
6409.77	6.63662E-14
6411.77	6.63248E-14
6413.77	6.62834E-14
6415.78	6.62419E-14
6417.78	6.61397E-14
6419.78	6.60985E-14
6421.78	6.60573E-14
6423.78	6.58947E-14
6425.78	6.5793E-14
6427.78	6.57521E-14
6429.78	6.55903E-14
6431.78	6.55495E-14
6433.78	6.55087E-14
6435.78	6.5468E-14
6437.78	6.54274E-14
6439.78	6.53265E-14
6441.78	6.5286E-14
6443.78	6.51854E-14
6445.78	6.5025E-14
6447.78	6.49847E-14
6449.78	6.49444E-14
6451.78	6.49042E-14
6453.79	6.48637E-14
6455.79	6.48236E-14
6457.79	6.46642E-14
6459.79	6.46241E-14
6461.79	6.45842E-14
6463.79	6.44254E-14
6465.79	6.43856E-14
6467.79	6.43457E-14
6469.79	6.42468E-14
6471.79	6.40889E-14
6473.79	6.40493E-14
6475.79	6.40097E-14
6477.79	6.38525E-14
6479.79	6.38131E-14
6481.79	6.37737E-14
6483.79	6.36171E-14
6485.79	6.35193E-14
6487.79	6.34802E-14
6489.79	6.33243E-14
6491.8	6.32851E-14
6493.8	6.31297E-14
6495.8	6.29747E-14
6497.8	6.2936E-14
6499.8	6.27815E-14
6501.8	6.27429E-14
6503.8	6.25889E-14
6505.8	6.23778E-14
6507.8	6.22248E-14
6509.8	6.20149E-14
6511.8	6.18058E-14
6513.8	6.15975E-14
6515.8	6.13333E-14
6517.8	6.11265E-14
6519.8	6.09766E-14
6521.8	6.07151E-14
6523.8	6.05662E-14
6525.81	6.04175E-14
6527.81	6.02139E-14
6529.81	6.01216E-14
6531.81	5.99742E-14
6533.81	5.97721E-14
6535.81	5.96256E-14
6537.81	5.94795E-14
6539.81	5.92245E-14
6541.81	5.9025E-14
6543.81	5.86638E-14
6545.81	5.82512E-14
6547.81	5.78415E-14
6549.81	5.71708E-14
6551.81	5.67164E-14
6553.81	5.60588E-14
6555.81	5.53068E-14
6557.81	5.4716E-14
6559.81	5.40815E-14
6561.81	5.35038E-14
6563.82	5.29808E-14
6565.82	5.26567E-14
6567.82	5.26246E-14
6569.82	5.25926E-14
6571.82	5.2706E-14
6573.82	5.31614E-14
6575.82	5.36206E-14
6577.82	5.41337E-14
6579.82	5.47021E-14
6581.82	5.53273E-14
6583.82	5.59082E-14
6585.82	5.63394E-14
6587.82	5.67738E-14
6589.82	5.7159E-14
6591.82	5.75468E-14
6593.82	5.77241E-14
6595.82	5.79554E-14
6597.82	5.81876E-14
6599.82	5.82596E-14
6601.83	5.83852E-14
6603.83	5.84574E-14
6605.83	5.86917E-14
6607.83	5.87102E-14
6609.83	5.87829E-14
6611.83	5.88557E-14
6613.83	5.89285E-14
6615.83	5.89472E-14
6617.83	5.89115E-14
6619.83	5.89845E-14
6621.83	5.89489E-14
6623.83	5.89133E-14
6625.83	5.88777E-14
6627.83	5.88422E-14
6629.83	5.88067E-14
6631.83	5.87712E-14
6633.83	5.87358E-14
6635.83	5.87004E-14
6637.84	5.86649E-14
6639.84	5.86295E-14
6641.84	5.85942E-14
6643.84	5.84512E-14
6645.84	5.8416E-14
6647.84	5.83809E-14
6649.84	5.83458E-14
6651.84	5.8257E-14
6653.84	5.81684E-14
6655.84	5.81334E-14
6657.84	5.79916E-14
6659.84	5.79568E-14
6661.84	5.7922E-14
6663.84	5.77807E-14
6665.84	5.7746E-14
6667.84	5.76051E-14
6669.84	5.75706E-14
6671.84	5.75361E-14
6673.85	5.74485E-14
6675.85	5.73612E-14
6677.85	5.72214E-14
6679.85	5.71871E-14
6681.85	5.71529E-14
6683.85	5.71187E-14
6685.85	5.70845E-14
6687.85	5.69454E-14
6689.85	5.69113E-14
6691.85	5.68773E-14
6693.85	5.67387E-14
6695.85	5.66526E-14
6697.85	5.66188E-14
6699.85	5.6585E-14
6701.85	5.64472E-14
6703.85	5.64135E-14
6705.85	5.62761E-14
6707.85	5.61908E-14
6709.85	5.60539E-14
6711.85	5.59689E-14
6713.86	5.59354E-14
6715.86	5.57992E-14
6717.86	5.5766E-14
6719.86	5.56303E-14
6721.86	5.55972E-14
6723.86	5.55641E-14
6725.86	5.54799E-14
6727.86	5.5447E-14
6729.86	5.5312E-14
6731.86	5.53301E-14
6733.86	5.52972E-14
6735.86	5.52644E-14
6737.86	5.52316E-14
6739.86	5.51988E-14
6741.86	5.51661E-14
6743.86	5.50319E-14
6745.86	5.49993E-14
6747.86	5.49667E-14
6749.87	5.49339E-14
6751.87	5.48004E-14
6753.87	5.47679E-14
6755.87	5.47355E-14
6757.87	5.46527E-14
6759.87	5.45199E-14
6761.87	5.44876E-14
6763.87	5.44554E-14
6765.87	5.43231E-14
6767.87	5.4291E-14
6769.87	5.42589E-14
6771.87	5.42269E-14
6773.87	5.41948E-14
6775.87	5.41628E-14
6777.87	5.41309E-14
6779.87	5.4099E-14
6781.87	5.40671E-14
6783.88	5.4035E-14
6785.88	5.39038E-14
6787.88	5.3872E-14
6789.88	5.38403E-14
6791.88	5.37591E-14
6793.88	5.37274E-14
6795.88	5.35476E-14
6797.88	5.35161E-14
6799.88	5.33862E-14
6801.88	5.33548E-14
6803.88	5.33235E-14
6805.88	5.3194E-14
6807.88	5.31628E-14
6809.88	5.30827E-14
6811.88	5.30515E-14
6813.88	5.29228E-14
6815.88	5.2843E-14
6817.88	5.27148E-14
6819.88	5.26839E-14
6821.89	5.26529E-14
6823.89	5.2622E-14
6825.89	5.25912E-14
6827.89	5.25604E-14
6829.89	5.24813E-14
6831.89	5.24505E-14
6833.89	5.24198E-14
6835.89	5.22928E-14
6837.89	5.22622E-14
6839.89	5.21835E-14
6841.89	5.2105E-14
6843.89	5.20746E-14
6845.89	5.20441E-14
6847.89	5.19659E-14
6849.89	5.19355E-14
6851.89	5.18574E-14
6853.89	5.17794E-14
6855.89	5.17492E-14
6857.89	5.17191E-14
6859.9	5.16412E-14
6861.9	5.16111E-14
6863.9	5.14861E-14
6865.9	5.14561E-14
6867.9	5.14261E-14
6869.9	5.13489E-14
6871.9	5.1319E-14
6873.9	5.12891E-14
6875.9	5.12121E-14
6877.9	5.11352E-14
6879.9	5.10584E-14
6881.9	5.10287E-14
6883.9	5.09991E-14
6885.9	5.09226E-14
6887.9	5.0893E-14
6889.9	5.08166E-14
6891.9	5.07871E-14
6893.9	5.07577E-14
6895.9	5.06815E-14
6897.91	5.06054E-14
6899.91	5.05295E-14
6901.91	5.05002E-14
6903.91	5.04245E-14
6905.91	5.03953E-14
6907.91	5.03661E-14
6909.91	5.02906E-14
6911.91	5.02615E-14
6913.91	5.01862E-14
6915.91	5.01572E-14
6917.91	5.0082E-14
6919.91	5.00531E-14
6921.91	5.00242E-14
6923.91	4.99953E-14
6925.91	4.99664E-14
6927.91	4.98916E-14
6929.91	4.98628E-14
6931.92	4.9788E-14
6933.92	4.97593E-14
6935.92	4.96848E-14
6937.92	4.96562E-14
6939.92	4.95818E-14
6941.92	4.95533E-14
6943.92	4.94791E-14
6945.92	4.94962E-14
6947.92	4.94222E-14
6949.92	4.93938E-14
6951.92	4.93199E-14
6953.92	4.92915E-14
6955.92	4.92632E-14
6957.92	4.91443E-14
6959.92	4.90708E-14
6961.92	4.90426E-14
6963.92	4.90596E-14
6965.92	4.89412E-14
6967.92	4.89131E-14
6969.93	4.88849E-14
6971.93	4.88569E-14
6973.93	4.88288E-14
6975.93	4.88009E-14
6977.93	4.87729E-14
6979.93	4.87001E-14
6981.93	4.86722E-14
6983.93	4.86443E-14
6985.93	4.86164E-14
6987.93	4.85886E-14
6989.93	4.85608E-14
6991.93	4.8533E-14
6993.93	4.85053E-14
6995.93	4.84776E-14
6997.93	4.84945E-14
6999.93	4.83776E-14
7001.93	4.835E-14
7003.93	4.83223E-14
7005.93	4.82948E-14
7007.94	4.82226E-14
7009.94	4.81951E-14
7011.94	4.81676E-14
7013.94	4.81402E-14
7015.94	4.81127E-14
7017.94	4.79968E-14
7019.94	4.79695E-14
7021.94	4.79421E-14
7023.94	4.78267E-14
7025.94	4.77994E-14
7027.94	4.77283E-14
7029.94	4.77011E-14
7031.94	4.7674E-14
7033.94	4.76469E-14
7035.94	4.76198E-14
7037.94	4.75927E-14
7039.94	4.76095E-14
7041.94	4.75825E-14
7043.94	4.75555E-14
7045.95	4.75283E-14
7047.95	4.75014E-14
7049.95	4.74307E-14
7051.95	4.74038E-14
7053.95	4.72897E-14
7055.95	4.71759E-14
7057.95	4.71492E-14
7059.95	4.70358E-14
7061.95	4.70091E-14
7063.95	4.69393E-14
7065.95	4.68264E-14
7067.95	4.67999E-14
7069.95	4.66873E-14
7071.95	4.66609E-14
7073.95	4.65487E-14
7075.95	4.64796E-14
7077.95	4.64533E-14
7079.96	4.63415E-14
7081.96	4.63153E-14
7083.96	4.6204E-14
7085.96	4.61779E-14
7087.96	4.61518E-14
7089.96	4.61258E-14
7091.96	4.6015E-14
7093.96	4.59467E-14
7095.96	4.59208E-14
7097.96	4.58527E-14
7099.96	4.58268E-14
7101.96	4.57167E-14
7103.96	4.5691E-14
7105.96	4.56653E-14
7107.96	4.56396E-14
7109.96	4.56139E-14
7111.96	4.55883E-14
7113.96	4.55626E-14
7115.96	4.54532E-14
7117.97	4.54276E-14
7119.97	4.5402E-14
7121.97	4.52513E-14
7123.97	4.52259E-14
7125.97	4.51174E-14
7127.97	4.50091E-14
7129.97	4.49424E-14
7131.97	4.48345E-14
7133.97	4.48094E-14
7135.97	4.47019E-14
7137.97	4.45946E-14
7139.97	4.45696E-14
7141.97	4.45036E-14
7143.97	4.43969E-14
7145.97	4.4372E-14
7147.97	4.43472E-14
7149.97	4.43224E-14
7151.98	4.42975E-14
7153.98	4.42727E-14
7155.98	4.43296E-14
7157.98	4.43048E-14
7159.98	4.428E-14
7161.98	4.42553E-14
7163.98	4.42306E-14
7165.98	4.42467E-14
7167.98	4.4222E-14
7169.98	4.41566E-14
7171.98	4.4132E-14
7173.98	4.41074E-14
7175.98	4.40017E-14
7177.98	4.39772E-14
7179.98	4.39527E-14
7181.98	4.39282E-14
7183.98	4.38229E-14
7185.98	4.37985E-14
7187.98	4.36936E-14
7189.98	4.36291E-14
7191.98	4.36048E-14
7193.99	4.35003E-14
7195.99	4.33961E-14
7197.99	4.34119E-14
7199.99	4.33878E-14
7201.99	4.32839E-14
7203.99	4.32201E-14
7205.99	4.31961E-14
7207.99	4.31721E-14
7209.99	4.30688E-14
7211.99	4.31242E-14
7213.99	4.314E-14
7215.99	4.31956E-14
7217.99	4.31717E-14
7219.99	4.32273E-14
7221.99	4.32034E-14
7223.99	4.31795E-14
7225.99	4.31953E-14
7228	4.31713E-14
7230	4.3068E-14
7232	4.30442E-14
7234	4.30204E-14
7236	4.29966E-14
7238	4.29729E-14
7240	4.28701E-14
7242	4.28464E-14
7244	4.28228E-14
7246	4.27991E-14
7248	4.27755E-14
7250	4.27913E-14
7252	4.27677E-14
7254	4.27048E-14
7256	4.26812E-14
7258	4.26577E-14
7260	4.26342E-14
7262	4.26107E-14
7264	4.25089E-14
7266.01	4.24854E-14
7268.01	4.2462E-14
7270.01	4.24387E-14
7272.01	4.23373E-14
7274.01	4.2314E-14
7276.01	4.22518E-14
7278.01	4.22286E-14
7280.01	4.21665E-14
7282.01	4.21434E-14
7284.01	4.21202E-14
7286.01	4.21747E-14
7288.01	4.21904E-14
7290.01	4.21673E-14
7292.01	4.21441E-14
7294.01	4.2121E-14
7296.01	4.20979E-14
7298.01	4.20749E-14
7300.02	4.2013E-14
7302.02	4.19127E-14
7304.02	4.18897E-14
7306.02	4.18668E-14
7308.02	4.17669E-14
7310.02	4.1744E-14
7312.02	4.17212E-14
7314.02	4.16984E-14
7316.02	4.15989E-14
7318.02	4.15762E-14
7320.02	4.15535E-14
7322.02	4.14925E-14
7324.02	4.13935E-14
7326.02	4.13329E-14
7328.02	4.12343E-14
7330.02	4.12118E-14
7332.02	4.11135E-14
7334.02	4.10911E-14
7336.02	4.10687E-14
7338.02	4.10463E-14
7340.02	4.09862E-14
7342.03	4.09637E-14
7344.03	4.08661E-14
7346.03	4.08438E-14
7348.03	4.08216E-14
7350.03	4.07994E-14
7352.03	4.07772E-14
7354.03	4.0755E-14
7356.03	4.06953E-14
7358.03	4.06732E-14
7360.03	4.06511E-14
7362.03	4.05543E-14
7364.03	4.05322E-14
7366.03	4.05102E-14
7368.03	4.04882E-14
7370.03	4.04663E-14
7372.03	4.03699E-14
7374.03	4.0348E-14
7376.04	4.0326E-14
7378.04	4.03041E-14
7380.04	4.02823E-14
7382.04	4.01864E-14
7384.04	4.01646E-14
7386.04	4.01429E-14
7388.04	4.00473E-14
7390.04	4.00256E-14
7392.04	3.99303E-14
7394.04	3.99087E-14
7396.04	3.98872E-14
7398.04	3.97922E-14
7400.04	3.97707E-14
7402.04	3.97492E-14
7404.04	3.96912E-14
7406.04	3.96698E-14
7408.04	3.96483E-14
7410.04	3.96269E-14
7412.04	3.95327E-14
7414.05	3.95112E-14
7416.05	3.94899E-14
7418.05	3.94686E-14
7420.05	3.94474E-14
7422.05	3.94261E-14
7424.05	3.94049E-14
7426.05	3.93836E-14
7428.05	3.93624E-14
7430.05	3.93413E-14
7432.05	3.92477E-14
7434.05	3.92266E-14
7436.05	3.92055E-14
7438.05	3.91844E-14
7440.05	3.91273E-14
7442.05	3.90343E-14
7444.05	3.89415E-14
7446.05	3.89206E-14
7448.05	3.88281E-14
7450.06	3.88072E-14
7452.06	3.87864E-14
7454.06	3.87299E-14
7456.06	3.87091E-14
7458.06	3.86883E-14
7460.06	3.86676E-14
7462.06	3.86469E-14
7464.06	3.86261E-14
7466.06	3.85344E-14
7468.06	3.85138E-14
7470.06	3.84931E-14
7472.06	3.84725E-14
7474.06	3.8452E-14
7476.06	3.84314E-14
7478.06	3.84108E-14
7480.06	3.83903E-14
7482.06	3.82992E-14
7484.06	3.82787E-14
7486.07	3.82581E-14
7488.07	3.82377E-14
7490.07	3.82173E-14
7492.07	3.81969E-14
7494.07	3.81062E-14
7496.07	3.80859E-14
7498.07	3.80306E-14
7500.07	3.80103E-14
7502.07	3.799E-14
7504.07	3.79698E-14
7506.07	3.78797E-14
7508.07	3.78595E-14
7510.07	3.78393E-14
7512.07	3.77496E-14
7514.07	3.77295E-14
7516.07	3.77094E-14
7518.07	3.762E-14
7520.07	3.75654E-14
7522.07	3.75454E-14
7524.07	3.75255E-14
7526.08	3.74364E-14
7528.08	3.74165E-14
7530.08	3.73966E-14
7532.08	3.73768E-14
7534.08	3.73569E-14
7536.08	3.73371E-14
7538.08	3.73861E-14
7540.08	3.73663E-14
7542.08	3.73465E-14
7544.08	3.73267E-14
7546.08	3.73069E-14
7548.08	3.72871E-14
7550.08	3.71988E-14
7552.08	3.71448E-14
7554.08	3.7091E-14
7556.08	3.70714E-14
7558.08	3.70517E-14
7560.08	3.69981E-14
7562.09	3.69784E-14
7564.09	3.69248E-14
7566.09	3.69053E-14
7568.09	3.68518E-14
7570.09	3.67985E-14
7572.09	3.6779E-14
7574.09	3.67596E-14
7576.09	3.67064E-14
7578.09	3.6687E-14
7580.09	3.66339E-14
7582.09	3.66146E-14
7584.09	3.65952E-14
7586.09	3.65423E-14
7588.09	3.6523E-14
7590.09	3.64702E-14
7592.09	3.6451E-14
7594.09	3.63982E-14
7596.09	3.63791E-14
7598.1	3.63263E-14
7600.1	3.63072E-14
7602.1	3.62881E-14
7604.1	3.62356E-14
7606.1	3.62166E-14
7608.1	3.61642E-14
7610.1	3.61452E-14
7612.1	3.6093E-14
7614.1	3.6074E-14
7616.1	3.60219E-14
7618.1	3.6003E-14
7620.1	3.59509E-14
7622.1	3.59321E-14
7624.1	3.58802E-14
7626.1	3.58614E-14
7628.1	3.58096E-14
7630.1	3.57908E-14
7632.1	3.57391E-14
7634.11	3.56874E-14
7636.11	3.56687E-14
7638.11	3.565E-14
7640.11	3.56314E-14
7642.11	3.55799E-14
7644.11	3.55613E-14
7646.11	3.551E-14
7648.11	3.54587E-14
7650.11	3.54402E-14
7652.11	3.53891E-14
7654.11	3.53706E-14
7656.11	3.53196E-14
7658.11	3.52686E-14
7660.11	3.52502E-14
7662.11	3.51994E-14
7664.11	3.5181E-14
7666.11	3.51303E-14
7668.11	3.50796E-14
7670.12	3.50612E-14
7672.12	3.50107E-14
7674.12	3.49602E-14
7676.12	3.4942E-14
7678.12	3.48917E-14
7680.12	3.48414E-14
7682.12	3.48233E-14
7684.12	3.47731E-14
7686.12	3.4723E-14
7688.12	3.47049E-14
7690.12	3.4655E-14
7692.12	3.46051E-14
7694.12	3.45234E-14
7696.12	3.45055E-14
7698.12	3.44241E-14
7700.12	3.44062E-14
7702.12	3.43883E-14
7704.12	3.43388E-14
7706.12	3.4321E-14
7708.13	3.424E-14
7710.13	3.42222E-14
7712.13	3.42991E-14
7714.13	3.42813E-14
7716.13	3.42636E-14
7718.13	3.42458E-14
7720.13	3.41651E-14
7722.13	3.41474E-14
7724.13	3.41297E-14
7726.13	3.40493E-14
7728.13	3.40316E-14
7730.13	3.39514E-14
7732.13	3.39026E-14
7734.13	3.38227E-14
7736.13	3.38052E-14
7738.13	3.37256E-14
7740.13	3.37082E-14
7742.13	3.36908E-14
7744.13	3.36734E-14
7746.14	3.36559E-14
7748.14	3.36385E-14
7750.14	3.36211E-14
7752.14	3.36038E-14
7754.14	3.35865E-14
7756.14	3.35692E-14
7758.14	3.35518E-14
7760.14	3.35346E-14
7762.14	3.35173E-14
7764.14	3.34384E-14
7766.14	3.34211E-14
7768.14	3.34039E-14
7770.14	3.33867E-14
7772.14	3.33696E-14
7774.14	3.33217E-14
7776.14	3.33045E-14
7778.14	3.32874E-14
7780.14	3.32703E-14
7782.15	3.31919E-14
7784.15	3.31749E-14
7786.15	3.31578E-14
7788.15	3.31408E-14
7790.15	3.30628E-14
7792.15	3.30459E-14
7794.15	3.30289E-14
7796.15	3.29512E-14
7798.15	3.2904E-14
7800.15	3.28871E-14
7802.15	3.28098E-14
7804.15	3.27929E-14
7806.15	3.27158E-14
7808.15	3.26991E-14
7810.15	3.26823E-14
7812.15	3.26656E-14
7814.15	3.26489E-14
7816.15	3.26322E-14
7818.16	3.26154E-14
7820.16	3.25987E-14
7822.16	3.25221E-14
7824.16	3.25054E-14
7826.16	3.24888E-14
7828.16	3.24722E-14
7830.16	3.24557E-14
7832.16	3.24391E-14
7834.16	3.23628E-14
7836.16	3.23463E-14
7838.16	3.23298E-14
7840.16	3.22539E-14
7842.16	3.22374E-14
7844.16	3.2221E-14
7846.16	3.22046E-14
7848.16	3.21585E-14
7850.16	3.21421E-14
7852.16	3.21258E-14
7854.17	3.21389E-14
7856.17	3.21225E-14
7858.17	3.21062E-14
7860.17	3.20899E-14
7862.17	3.20735E-14
7864.17	3.20572E-14
7866.17	3.20114E-14
7868.17	3.19952E-14
7870.17	3.192E-14
7872.17	3.19038E-14
7874.17	3.18876E-14
7876.17	3.18714E-14
7878.17	3.18552E-14
7880.17	3.18391E-14
7882.17	3.18229E-14
7884.17	3.17482E-14
7886.17	3.17321E-14
7888.17	3.17161E-14
7890.17	3.17E-14
7892.18	3.16838E-14
7894.18	3.16678E-14
7896.18	3.16517E-14
7898.18	3.16357E-14
7900.18	3.16197E-14
7902.18	3.16037E-14
7904.18	3.15877E-14
7906.18	3.15136E-14
7908.18	3.14977E-14
7910.18	3.14818E-14
7912.18	3.14369E-14
7914.18	3.1421E-14
7916.18	3.13473E-14
7918.18	3.13315E-14
7920.18	3.13157E-14
7922.18	3.12998E-14
7924.18	3.1284E-14
7926.19	3.12682E-14
7928.19	3.11949E-14
7930.19	3.11792E-14
7932.19	3.11061E-14
7934.19	3.10618E-14
7936.19	3.10461E-14
7938.19	3.10305E-14
7940.19	3.10149E-14
7942.19	3.09992E-14
7944.19	3.09836E-14
7946.19	3.0968E-14
7948.19	3.09525E-14
7950.19	3.09369E-14
7952.19	3.08644E-14
7954.19	3.08489E-14
7956.19	3.08334E-14
7958.19	3.08179E-14
7960.19	3.08024E-14
7962.19	3.07869E-14
7964.19	3.07715E-14
7966.19	3.06994E-14
7968.2	3.06839E-14
7970.2	3.06685E-14
7972.2	3.06532E-14
7974.2	3.06378E-14
7976.2	3.05661E-14
7978.2	3.05507E-14
7980.2	3.05073E-14
7982.2	3.0464E-14
7984.2	3.04487E-14
7986.2	3.04335E-14
7988.2	3.04182E-14
7990.2	3.0403E-14
7992.2	3.03878E-14
7994.2	3.03726E-14
7996.2	3.03015E-14
7998.2	3.02864E-14
8000.2	3.0327E-14
8002.21	3.03118E-14
8004.21	3.02967E-14
8006.21	3.02815E-14
8008.21	3.02664E-14
8010.21	3.01956E-14
8012.21	3.01805E-14
8014.21	3.01655E-14
8016.21	3.01504E-14
8018.21	3.00799E-14
8020.21	3.00649E-14
8022.21	3.00499E-14
8024.21	3.0035E-14
8026.21	3.002E-14
8028.21	2.99498E-14
8030.21	2.98798E-14
8032.21	2.98649E-14
8034.21	2.97951E-14
8036.21	2.97803E-14
8038.21	2.97655E-14
8040.22	2.97506E-14
8042.22	2.96811E-14
8044.22	2.96663E-14
8046.22	2.96516E-14
8048.22	2.96915E-14
8050.22	2.96767E-14
8052.22	2.9662E-14
8054.22	2.96473E-14
8056.22	2.9578E-14
8058.22	2.95633E-14
8060.22	2.95487E-14
8062.22	2.9534E-14
8064.22	2.95194E-14
8066.22	2.95047E-14
8068.22	2.94901E-14
8070.22	2.94755E-14
8072.22	2.94338E-14
8074.22	2.9365E-14
8076.23	2.93504E-14
8078.23	2.93359E-14
8080.23	2.93214E-14
8082.23	2.92529E-14
8084.23	2.92384E-14
8086.23	2.9224E-14
8088.23	2.92095E-14
8090.23	2.91951E-14
8092.23	2.91807E-14
8094.23	2.91662E-14
8096.23	2.91518E-14
8098.23	2.91374E-14
8100.23	2.91231E-14
8102.23	2.91087E-14
8104.23	2.90408E-14
8106.23	2.90264E-14
8108.23	2.90656E-14
8110.23	2.90513E-14
8112.24	2.90369E-14
8114.24	2.89692E-14
8116.24	2.89549E-14
8118.24	2.8914E-14
8120.24	2.88997E-14
8122.24	2.88855E-14
8124.24	2.88713E-14
8126.24	2.88571E-14
8128.24	2.87898E-14
8130.24	2.87756E-14
8132.24	2.87615E-14
8134.24	2.87473E-14
8136.24	2.86803E-14
8138.24	2.86662E-14
8140.24	2.86521E-14
8142.24	2.86381E-14
8144.24	2.8624E-14
8146.24	2.861E-14
8148.25	2.85958E-14
8150.25	2.86081E-14
8152.25	2.86468E-14
8154.25	2.86328E-14
8156.25	2.85661E-14
8158.25	2.84995E-14
8160.25	2.84593E-14
8162.25	2.84454E-14
8164.25	2.83791E-14
8166.25	2.83652E-14
8168.25	2.83513E-14
8170.25	2.82853E-14
8172.25	2.82715E-14
8174.25	2.82056E-14
8176.25	2.81659E-14
8178.25	2.81521E-14
8180.25	2.81124E-14
8182.25	2.80987E-14
8184.25	2.80333E-14
8186.25	2.79938E-14
8188.26	2.79285E-14
8190.26	2.78635E-14
8192.26	2.78499E-14
8194.26	2.77851E-14
8196.26	2.77716E-14
8198.26	2.7758E-14
8200.26	2.77445E-14
8202.26	2.77821E-14
8204.26	2.77685E-14
8206.26	2.78318E-14
8208.26	2.78695E-14
8210.26	2.78816E-14
8212.26	2.7868E-14
8214.26	2.79058E-14
8216.26	2.78922E-14
8218.26	2.78787E-14
8220.26	2.78651E-14
8222.26	2.78003E-14
8224.26	2.77101E-14
8226.27	2.75947E-14
8228.27	2.75052E-14
8230.27	2.73907E-14
8232.27	2.73019E-14
8234.27	2.72384E-14
8236.27	2.72252E-14
8238.27	2.7237E-14
8240.27	2.72238E-14
8242.27	2.72608E-14
8244.27	2.72475E-14
8246.27	2.72845E-14
8248.27	2.72713E-14
8250.27	2.72581E-14
8252.27	2.72449E-14
8254.27	2.72317E-14
8256.27	2.72185E-14
8258.27	2.72053E-14
8260.27	2.71921E-14
8262.27	2.7179E-14
8264.28	2.71657E-14
8266.28	2.71776E-14
8268.28	2.72146E-14
8270.28	2.72515E-14
8272.28	2.71882E-14
8274.28	2.71751E-14
8276.28	2.7112E-14
8278.28	2.70739E-14
8280.28	2.70609E-14
8282.28	2.6998E-14
8284.28	2.6985E-14
8286.28	2.69223E-14
8288.28	2.69093E-14
8290.28	2.68468E-14
8292.28	2.68092E-14
8294.28	2.67963E-14
8296.28	2.67833E-14
8298.28	2.67704E-14
8300.29	2.67575E-14
8302.29	2.67692E-14
8304.29	2.67563E-14
8306.29	2.67435E-14
8308.29	2.67799E-14
8310.29	2.6767E-14
8312.29	2.67541E-14
8314.29	2.67412E-14
8316.29	2.67284E-14
8318.29	2.67155E-14
8320.29	2.67027E-14
8322.29	2.66407E-14
8324.29	2.66279E-14
8326.29	2.65906E-14
8328.29	2.65779E-14
8330.29	2.65162E-14
8332.29	2.65035E-14
8334.29	2.6442E-14
8336.29	2.64293E-14
8338.3	2.6368E-14
8340.3	2.63311E-14
8342.3	2.63184E-14
8344.3	2.62332E-14
8346.3	2.62207E-14
8348.3	2.62081E-14
8350.3	2.61473E-14
8352.3	2.61348E-14
8354.3	2.61223E-14
8356.3	2.61098E-14
8358.3	2.60733E-14
8360.3	2.60128E-14
8362.3	2.60004E-14
8364.3	2.59401E-14
8366.3	2.59277E-14
8368.3	2.59154E-14
8370.3	2.5903E-14
8372.3	2.58906E-14
8374.31	2.58305E-14
8376.31	2.58182E-14
8378.31	2.58059E-14
8380.31	2.57698E-14
8382.31	2.57575E-14
8384.31	2.56979E-14
8386.31	2.56856E-14
8388.31	2.56734E-14
8390.31	2.56611E-14
8392.31	2.56489E-14
8394.31	2.56367E-14
8396.31	2.56245E-14
8398.31	2.56359E-14
8400.31	2.56709E-14
8402.31	2.56587E-14
8404.31	2.56465E-14
8406.31	2.56343E-14
8408.31	2.55749E-14
8410.32	2.55627E-14
8412.32	2.55035E-14
8414.32	2.54914E-14
8416.32	2.54324E-14
8418.32	2.53969E-14
8420.32	2.54082E-14
8422.32	2.53962E-14
8424.32	2.53374E-14
8426.32	2.53254E-14
8428.32	2.53133E-14
8430.32	2.52548E-14
8432.32	2.52428E-14
8434.32	2.52308E-14
8436.32	2.52189E-14
8438.32	2.51605E-14
8440.32	2.51254E-14
8442.32	2.51135E-14
8444.32	2.50555E-14
8446.32	2.49745E-14
8448.33	2.49626E-14
8450.33	2.49278E-14
8452.33	2.48702E-14
8454.33	2.49042E-14
8456.33	2.48695E-14
8458.33	2.48807E-14
8460.33	2.48689E-14
8462.33	2.48343E-14
8464.33	2.48683E-14
8466.33	2.48337E-14
8468.33	2.4822E-14
8470.33	2.47874E-14
8472.33	2.47529E-14
8474.33	2.47412E-14
8476.33	2.47068E-14
8478.33	2.46724E-14
8480.33	2.4638E-14
8482.33	2.46491E-14
8484.33	2.46148E-14
8486.33	2.45806E-14
8488.34	2.45916E-14
8490.34	2.46026E-14
8492.34	2.45684E-14
8494.34	2.45795E-14
8496.34	2.45679E-14
8498.34	2.45337E-14
8500.34	2.45222E-14
8502.34	2.44655E-14
8504.34	2.4409E-14
8506.34	2.43751E-14
8508.34	2.43188E-14
8510.34	2.43074E-14
8512.34	2.42736E-14
8514.34	2.42398E-14
8516.34	2.41839E-14
8518.34	2.4128E-14
8520.34	2.41167E-14
8522.34	2.40832E-14
8524.35	2.40054E-14
8526.35	2.39721E-14
8528.35	2.39608E-14
8530.35	2.39275E-14
8532.35	2.39163E-14
8534.35	2.38611E-14
8536.35	2.38719E-14
8538.35	2.38827E-14
8540.35	2.38496E-14
8542.35	2.38823E-14
8544.35	2.38712E-14
8546.35	2.38161E-14
8548.35	2.38488E-14
8550.35	2.38596E-14
8552.35	2.38485E-14
8554.35	2.37935E-14
8556.35	2.38481E-14
8558.36	2.38369E-14
8560.36	2.38258E-14
8562.36	2.37928E-14
8564.36	2.37816E-14
8566.36	2.37924E-14
8568.36	2.38252E-14
8570.36	2.38141E-14
8572.36	2.3803E-14
8574.36	2.38138E-14
8576.36	2.37589E-14
8578.36	2.37697E-14
8580.36	2.37149E-14
8582.36	2.3682E-14
8584.36	2.3671E-14
8586.36	2.36164E-14
8588.36	2.36271E-14
8590.36	2.35944E-14
8592.36	2.35834E-14
8594.37	2.35507E-14
8596.37	2.35181E-14
8598.37	2.35071E-14
8600.37	2.34962E-14
8602.37	2.34853E-14
8604.37	2.3496E-14
8606.37	2.34418E-14
8608.37	2.33878E-14
8610.37	2.33554E-14
8612.37	2.33231E-14
8614.37	2.32908E-14
8616.37	2.32586E-14
8618.37	2.32264E-14
8620.37	2.31942E-14
8622.37	2.31408E-14
8624.37	2.31301E-14
8626.37	2.30981E-14
8628.37	2.30874E-14
8630.38	2.30766E-14
8632.38	2.30659E-14
8634.38	2.3034E-14
8636.38	2.30658E-14
8638.38	2.30339E-14
8640.38	2.30657E-14
8642.38	2.30762E-14
8644.38	2.30443E-14
8646.38	2.30549E-14
8648.38	2.30442E-14
8650.38	2.3076E-14
8652.38	2.30654E-14
8654.38	2.3076E-14
8656.38	2.31291E-14
8658.38	2.31397E-14
8660.38	2.3129E-14
8662.38	2.31397E-14
8664.38	2.31503E-14
8666.38	2.31183E-14
8668.39	2.30438E-14
8670.39	2.30332E-14
8672.39	2.29802E-14
8674.39	2.29062E-14
8676.39	2.28115E-14
8678.39	2.2759E-14
8680.39	2.27276E-14
8682.39	2.26544E-14
8684.39	2.26023E-14
8686.39	2.25711E-14
8688.39	2.25607E-14
8690.39	2.25503E-14
8692.39	2.24778E-14
8694.39	2.24467E-14
8696.39	2.24364E-14
8698.39	2.24055E-14
8700.39	2.24158E-14
8702.39	2.24055E-14
8704.4	2.23745E-14
8706.4	2.24055E-14
8708.4	2.2354E-14
8710.4	2.23437E-14
8712.4	2.23129E-14
8714.4	2.22616E-14
8716.4	2.22514E-14
8718.4	2.22412E-14
8720.4	2.22105E-14
8722.4	2.22618E-14
8724.4	2.22516E-14
8726.4	2.22824E-14
8728.4	2.22927E-14
8730.4	2.2303E-14
8732.4	2.23133E-14
8734.4	2.22826E-14
8736.4	2.22929E-14
8738.4	2.22417E-14
8740.4	2.22315E-14
8742.4	2.22213E-14
8744.41	2.22316E-14
8746.41	2.21805E-14
8748.41	2.215E-14
8750.41	2.21603E-14
8752.41	2.21501E-14
8754.41	2.21196E-14
8756.41	2.21095E-14
8758.41	2.20994E-14
8760.41	2.20893E-14
8762.41	2.20793E-14
8764.41	2.20489E-14
8766.41	2.20388E-14
8768.41	2.20085E-14
8770.41	2.19782E-14
8772.41	2.19682E-14
8774.41	2.19379E-14
8776.41	2.19078E-14
8778.42	2.18776E-14
8780.42	2.18676E-14
8782.42	2.18375E-14
8784.42	2.18477E-14
8786.42	2.18176E-14
8788.42	2.18077E-14
8790.42	2.17777E-14
8792.42	2.17278E-14
8794.42	2.17379E-14
8796.42	2.1748E-14
8798.42	2.16981E-14
8800.42	2.17083E-14
8802.42	2.16984E-14
8804.42	2.16686E-14
8806.42	2.16587E-14
8808.42	2.1609E-14
8810.42	2.15794E-14
8812.42	2.15299E-14
8814.42	2.15201E-14
8816.42	2.14905E-14
8818.43	2.14807E-14
8820.43	2.14512E-14
8822.43	2.13823E-14
8824.43	2.13726E-14
8826.43	2.13433E-14
8828.43	2.13336E-14
8830.43	2.13436E-14
8832.43	2.13339E-14
8834.43	2.13047E-14
8836.43	2.1295E-14
8838.43	2.1305E-14
8840.43	2.12954E-14
8842.43	2.12661E-14
8844.43	2.12957E-14
8846.43	2.12861E-14
8848.43	2.12765E-14
8850.43	2.12864E-14
8852.43	2.1316E-14
8854.44	2.1326E-14
8856.44	2.1336E-14
8858.44	2.1346E-14
8860.44	2.13364E-14
8862.44	2.13661E-14
8864.44	2.13368E-14
8866.44	2.13272E-14
8868.44	2.13175E-14
8870.44	2.12491E-14
8872.44	2.12005E-14
8874.44	2.11324E-14
8876.44	2.10452E-14
8878.44	2.09777E-14
8880.44	2.09104E-14
8882.44	2.08433E-14
8884.44	2.08148E-14
8886.44	2.07671E-14
8888.45	2.07577E-14
8890.45	2.07293E-14
8892.45	2.07009E-14
8894.45	2.07106E-14
8896.45	2.06823E-14
8898.45	2.0692E-14
8900.45	2.07018E-14
8902.45	2.07115E-14
8904.45	2.06832E-14
8906.45	2.06739E-14
8908.45	2.06837E-14
8910.45	2.06553E-14
8912.45	2.06461E-14
8914.45	2.06178E-14
8916.45	2.06466E-14
8918.45	2.06183E-14
8920.45	2.06091E-14
8922.45	2.06188E-14
8924.46	2.06475E-14
8926.46	2.06383E-14
8928.46	2.0648E-14
8930.46	2.06768E-14
8932.46	2.07057E-14
8934.46	2.06964E-14
8936.46	2.06871E-14
8938.46	2.06779E-14
8940.46	2.06877E-14
8942.46	2.06404E-14
8944.46	2.06311E-14
8946.46	2.06409E-14
8948.46	2.06127E-14
8950.46	2.06225E-14
8952.46	2.06133E-14
8954.46	2.05851E-14
8956.46	2.0557E-14
8958.46	2.05289E-14
8960.46	2.05008E-14
8962.46	2.04539E-14
8964.47	2.0426E-14
8966.47	2.04168E-14
8968.47	2.04077E-14
8970.47	2.03611E-14
8972.47	2.0352E-14
8974.47	2.03242E-14
8976.47	2.02965E-14
8978.47	2.02314E-14
8980.47	2.01852E-14
8982.47	2.01577E-14
8984.47	2.00746E-14
8986.47	2.00472E-14
8988.47	2.00014E-14
8990.47	1.99741E-14
8992.47	1.99468E-14
8994.47	1.99196E-14
8996.47	1.98924E-14
8998.48	1.98652E-14
9000.48	1.98564E-14
9002.48	1.98293E-14
9004.48	1.98205E-14
9006.48	1.98117E-14
9008.48	1.98211E-14
9010.48	1.98123E-14
9012.48	1.98218E-14
9014.48	1.98313E-14
9016.48	1.9859E-14
9018.48	1.98685E-14
9020.48	1.98414E-14
9022.48	1.98326E-14
9024.48	1.98238E-14
9026.48	1.97968E-14
9028.48	1.9788E-14
9030.48	1.97793E-14
9032.48	1.9807E-14
9034.49	1.97981E-14
9036.49	1.98259E-14
9038.49	1.98171E-14
9040.49	1.98448E-14
9042.49	1.98543E-14
9044.49	1.98456E-14
9046.49	1.98368E-14
9048.49	1.98098E-14
9050.49	1.98375E-14
9052.49	1.98288E-14
9054.49	1.98383E-14
9056.49	1.98478E-14
9058.49	1.98573E-14
9060.49	1.98668E-14
9062.49	1.98398E-14
9064.49	1.9831E-14
9066.49	1.9804E-14
9068.49	1.97407E-14
9070.49	1.9732E-14
9072.49	1.97051E-14
9074.5	1.96782E-14
9076.5	1.96515E-14
9078.5	1.96247E-14
9080.5	1.9598E-14
9082.5	1.95353E-14
9084.5	1.95088E-14
9086.5	1.95181E-14
9088.5	1.94916E-14
9090.5	1.94651E-14
9092.5	1.94924E-14
9094.5	1.94659E-14
9096.5	1.94752E-14
9098.5	1.94488E-14
9100.5	1.94402E-14
9102.5	1.94496E-14
9104.5	1.9441E-14
9106.5	1.94683E-14
9108.5	1.94419E-14
9110.5	1.94871E-14
9112.51	1.94785E-14
9114.51	1.95059E-14
9116.51	1.95153E-14
9118.51	1.95067E-14
9120.51	1.95521E-14
9122.51	1.95076E-14
9124.51	1.9499E-14
9126.51	1.94725E-14
9128.51	1.94103E-14
9130.51	1.93126E-14
9132.51	1.92332E-14
9134.51	1.92602E-14
9136.51	1.93228E-14
9138.51	1.93678E-14
9140.51	1.9395E-14
9142.51	1.94223E-14
9144.51	1.94496E-14
9146.51	1.94411E-14
9148.52	1.94326E-14
9150.52	1.94062E-14
9152.52	1.93977E-14
9154.52	1.93892E-14
9156.52	1.93629E-14
9158.52	1.93545E-14
9160.52	1.93638E-14
9162.52	1.93554E-14
9164.52	1.93291E-14
9166.52	1.93385E-14
9168.52	1.93123E-14
9170.52	1.92683E-14
9172.52	1.92422E-14
9174.52	1.91807E-14
9176.52	1.91195E-14
9178.52	1.90935E-14
9180.52	1.9015E-14
9182.52	1.90068E-14
9184.53	1.90159E-14
9186.53	1.89727E-14
9188.53	1.89819E-14
9190.53	1.89736E-14
9192.53	1.89305E-14
9194.53	1.89048E-14
9196.53	1.88618E-14
9198.53	1.88189E-14
9200.53	1.87761E-14
9202.53	1.87334E-14
