3.150289299999999912e+03	2.887559999999999865e-13
3.152370699999999943e+03	4.047220000000000096e-13
3.154452000000000226e+03	3.364990000000000084e-13
3.156533399999999801e+03	2.681700000000000074e-13
3.158614700000000084e+03	2.536519999999999778e-13
3.160696100000000115e+03	2.521539999999999775e-13
3.162777500000000146e+03	2.490540000000000210e-13
3.164858799999999974e+03	2.732270000000000231e-13
3.166940200000000004e+03	3.064450000000000135e-13
3.169021600000000035e+03	3.204649999999999880e-13
3.171102899999999863e+03	2.589470000000000072e-13
3.173184299999999894e+03	2.000049999999999894e-13
3.175265600000000177e+03	1.951960000000000045e-13
3.177347000000000207e+03	2.075399999999999921e-13
3.179428399999999783e+03	2.140590000000000020e-13
3.181509700000000066e+03	2.242669999999999975e-13
3.183591100000000097e+03	2.665609999999999988e-13
3.185672500000000127e+03	4.047899999999999847e-13
3.187753799999999956e+03	4.603220000000000453e-13
3.189835199999999986e+03	3.542380000000000199e-13
3.191916499999999814e+03	3.554089999999999753e-13
3.193997899999999845e+03	3.228210000000000035e-13
3.196079299999999876e+03	2.943040000000000049e-13
3.198160600000000159e+03	2.586020000000000223e-13
3.200242000000000189e+03	2.455079999999999875e-13
3.202323400000000220e+03	2.807379999999999797e-13
3.204404700000000048e+03	4.576539999999999602e-13
3.206486100000000079e+03	7.157690000000000170e-13
3.208567399999999907e+03	3.507589999999999900e-13
3.210648799999999937e+03	2.694299999999999940e-13
3.212730199999999968e+03	2.562609999999999821e-13
3.214811499999999796e+03	2.475830000000000064e-13
3.216892899999999827e+03	2.474899999999999885e-13
3.218974299999999857e+03	2.830070000000000077e-13
3.221055600000000140e+03	3.124889999999999925e-13
3.223137000000000171e+03	2.934089999999999870e-13
3.225218299999999999e+03	2.871530000000000084e-13
3.227299700000000030e+03	3.265530000000000223e-13
3.229381100000000060e+03	4.049419999999999824e-13
3.231462399999999889e+03	5.341130000000000487e-13
3.233543799999999919e+03	3.639770000000000151e-13
3.235625199999999950e+03	2.512550000000000235e-13
3.237706499999999778e+03	2.425250000000000192e-13
3.239787899999999809e+03	2.768209999999999975e-13
3.241869200000000092e+03	2.565909999999999918e-13
3.243950600000000122e+03	2.149229999999999971e-13
3.246032000000000153e+03	2.036700000000000046e-13
3.248113299999999981e+03	2.098789999999999885e-13
3.250194700000000012e+03	2.174770000000000082e-13
3.252275999999999840e+03	2.198150000000000080e-13
3.254357399999999870e+03	2.183240000000000096e-13
3.256438799999999901e+03	2.340699999999999811e-13
3.258520100000000184e+03	2.567979999999999828e-13
3.260601500000000215e+03	2.683099999999999947e-13
3.262682899999999790e+03	2.625919999999999882e-13
3.264764200000000073e+03	2.574709999999999840e-13
3.266845600000000104e+03	2.837750000000000202e-13
3.268926899999999932e+03	3.133439999999999924e-13
3.271008299999999963e+03	3.249889999999999898e-13
3.273089699999999993e+03	3.145690000000000200e-13
3.275170999999999822e+03	2.651939999999999906e-13
3.277252399999999852e+03	2.424440000000000118e-13
3.279333799999999883e+03	2.542500000000000021e-13
3.281415100000000166e+03	2.902079999999999888e-13
3.283496500000000196e+03	3.411599999999999822e-13
3.285577800000000025e+03	3.171089999999999769e-13
3.287659200000000055e+03	2.901740000000000013e-13
3.289740600000000086e+03	3.281770000000000061e-13
3.291821899999999914e+03	3.235630000000000017e-13
3.293903299999999945e+03	2.557469999999999805e-13
3.295984699999999975e+03	2.468660000000000004e-13
3.298065999999999804e+03	2.846509999999999753e-13
3.300147399999999834e+03	3.997280000000000109e-13
3.302228700000000117e+03	6.924960000000000413e-13
3.304310100000000148e+03	4.343800000000000131e-13
3.306391500000000178e+03	2.521869999999999936e-13
3.308472800000000007e+03	2.169579999999999980e-13
3.310554200000000037e+03	2.522489999999999887e-13
3.312635600000000068e+03	3.020539999999999971e-13
3.314716899999999896e+03	3.144409999999999927e-13
3.316798299999999927e+03	3.288469999999999921e-13
3.318879600000000210e+03	3.464559999999999830e-13
3.320960999999999785e+03	3.714530000000000127e-13
3.323042399999999816e+03	3.924279999999999814e-13
3.325123700000000099e+03	3.518969999999999797e-13
3.327205100000000130e+03	2.784019999999999986e-13
3.329286399999999958e+03	2.667650000000000250e-13
3.331367799999999988e+03	2.894589999999999887e-13
3.333449200000000019e+03	2.781280000000000040e-13
3.335530499999999847e+03	2.568629999999999931e-13
3.337611899999999878e+03	2.463539999999999921e-13
3.339693299999999908e+03	2.431190000000000064e-13
3.341774600000000191e+03	2.594640000000000241e-13
3.343856000000000222e+03	2.656659999999999809e-13
3.345937300000000050e+03	2.658249999999999806e-13
3.348018700000000081e+03	2.932619999999999978e-13
3.350100100000000111e+03	3.022149999999999901e-13
3.352181399999999940e+03	2.832540000000000167e-13
3.354262799999999970e+03	2.967820000000000172e-13
3.356344200000000001e+03	3.425300000000000056e-13
3.358425499999999829e+03	3.665729999999999871e-13
3.360506899999999860e+03	3.159529999999999968e-13
3.362588200000000143e+03	2.977719999999999958e-13
3.364669600000000173e+03	3.552599999999999928e-13
3.366751000000000204e+03	4.230670000000000188e-13
3.368832300000000032e+03	3.943420000000000074e-13
3.370913700000000063e+03	3.125619999999999762e-13
3.372995100000000093e+03	2.703960000000000022e-13
3.375076399999999921e+03	2.465269999999999955e-13
3.377157799999999952e+03	2.640759999999999847e-13
3.379239099999999780e+03	3.028259999999999963e-13
3.381320499999999811e+03	3.055339999999999985e-13
3.383401899999999841e+03	2.834809999999999913e-13
3.385483200000000124e+03	2.764329999999999794e-13
3.387564600000000155e+03	2.708049999999999755e-13
3.389646000000000186e+03	2.614099999999999938e-13
3.391727300000000014e+03	2.493390000000000041e-13
3.393808700000000044e+03	2.398039999999999847e-13
3.395889999999999873e+03	2.466750000000000066e-13
3.397971399999999903e+03	2.537419999999999804e-13
3.400052799999999934e+03	2.504149999999999988e-13
3.402134100000000217e+03	2.494189999999999897e-13
3.404215499999999793e+03	2.532780000000000139e-13
3.406296899999999823e+03	2.504189999999999854e-13
3.408378200000000106e+03	2.412879999999999812e-13
3.410459600000000137e+03	2.324910000000000238e-13
3.412540899999999965e+03	2.277590000000000093e-13
3.414622299999999996e+03	2.382019999999999780e-13
3.416703700000000026e+03	2.525899999999999870e-13
3.418784999999999854e+03	2.378420000000000179e-13
3.420866399999999885e+03	2.148619999999999987e-13
3.422947700000000168e+03	2.130249999999999935e-13
3.425029100000000199e+03	2.199389999999999982e-13
3.427110499999999774e+03	2.310870000000000129e-13
3.429191800000000057e+03	2.568309999999999989e-13
3.431273200000000088e+03	2.883509999999999999e-13
3.433354600000000119e+03	3.066160000000000235e-13
3.435435899999999947e+03	3.023209999999999898e-13
3.437517299999999977e+03	2.967170000000000068e-13
3.439598599999999806e+03	2.982739999999999870e-13
3.441679999999999836e+03	2.892620000000000149e-13
3.443761399999999867e+03	2.728760000000000078e-13
3.445842700000000150e+03	2.538869999999999763e-13
3.447924100000000180e+03	2.430620000000000199e-13
3.450005500000000211e+03	2.657000000000000190e-13
3.452086800000000039e+03	3.035769999999999897e-13
3.454168200000000070e+03	3.051719999999999945e-13
3.456249499999999898e+03	2.805570000000000030e-13
3.458330899999999929e+03	2.572160000000000018e-13
3.460412299999999959e+03	2.616830000000000170e-13
3.462493599999999788e+03	2.905719999999999861e-13
3.464574999999999818e+03	3.005599999999999835e-13
3.466656399999999849e+03	2.999230000000000136e-13
3.468737700000000132e+03	2.930140000000000175e-13
3.470819100000000162e+03	2.723749999999999880e-13
3.472900399999999991e+03	2.562399999999999765e-13
3.474981800000000021e+03	2.432909999999999879e-13
3.477063200000000052e+03	2.255309999999999959e-13
3.479144499999999880e+03	2.151230000000000114e-13
3.481225899999999911e+03	2.184579999999999916e-13
3.483307299999999941e+03	2.410170000000000018e-13
3.485388600000000224e+03	2.872960000000000109e-13
3.487469999999999800e+03	2.917499999999999938e-13
3.489551300000000083e+03	2.493979999999999840e-13
3.491632700000000114e+03	2.452309999999999776e-13
3.493714100000000144e+03	2.538969999999999934e-13
3.495795399999999972e+03	2.368859999999999763e-13
3.497876800000000003e+03	2.403380000000000206e-13
3.499958099999999831e+03	2.748560000000000155e-13
3.502039499999999862e+03	2.914670000000000040e-13
3.504120899999999892e+03	2.905850000000000184e-13
3.506202200000000175e+03	3.112850000000000211e-13
3.508283600000000206e+03	3.240730000000000167e-13
3.510364999999999782e+03	2.933099999999999892e-13
3.512446300000000065e+03	2.764469999999999832e-13
3.514527700000000095e+03	2.710799999999999920e-13
3.516608999999999924e+03	2.672900000000000152e-13
3.518690399999999954e+03	2.916549999999999826e-13
3.520771799999999985e+03	3.310970000000000078e-13
3.522853099999999813e+03	3.319270000000000153e-13
3.524934499999999844e+03	3.275889999999999989e-13
3.527015899999999874e+03	3.265999999999999917e-13
3.529097200000000157e+03	2.923509999999999828e-13
3.531178600000000188e+03	2.424330000000000233e-13
3.533259900000000016e+03	2.237069999999999979e-13
3.535341300000000047e+03	2.275980000000000163e-13
3.537422700000000077e+03	2.373869999999999961e-13
3.539503999999999905e+03	2.401860000000000229e-13
3.541585399999999936e+03	2.318660000000000139e-13
3.543666799999999967e+03	2.400630000000000041e-13
3.545748099999999795e+03	2.702810000000000072e-13
3.547829499999999825e+03	3.045830000000000159e-13
3.549910800000000108e+03	3.185639999999999944e-13
3.551992200000000139e+03	3.055539999999999822e-13
3.554073600000000170e+03	2.690160000000000121e-13
3.556154899999999998e+03	2.397010000000000002e-13
3.558236300000000028e+03	2.350510000000000149e-13
3.560317700000000059e+03	2.458410000000000124e-13
3.562398999999999887e+03	2.564170000000000170e-13
3.564480399999999918e+03	2.542370000000000202e-13
3.566561700000000201e+03	2.495350000000000065e-13
3.568643099999999777e+03	2.513190000000000119e-13
3.570724499999999807e+03	2.623729999999999868e-13
3.572805800000000090e+03	2.878810000000000029e-13
3.574887200000000121e+03	2.912780000000000035e-13
3.576968600000000151e+03	2.685349999999999761e-13
3.579049899999999980e+03	2.573329999999999901e-13
3.581131300000000010e+03	2.542090000000000127e-13
3.583212599999999838e+03	2.612680000000000132e-13
3.585293999999999869e+03	2.722590000000000216e-13
3.587375399999999900e+03	2.709430000000000199e-13
3.589456700000000183e+03	2.579729999999999752e-13
3.591538100000000213e+03	2.444950000000000098e-13
3.593619400000000041e+03	2.369010000000000020e-13
3.595700800000000072e+03	2.323080000000000033e-13
3.597782200000000103e+03	2.303360000000000194e-13
3.599863499999999931e+03	2.326270000000000245e-13
3.601944899999999961e+03	2.442070000000000115e-13
3.604026299999999992e+03	2.589739999999999929e-13
3.606107599999999820e+03	2.629990000000000186e-13
3.608188999999999851e+03	2.626959999999999946e-13
3.610270300000000134e+03	2.628770000000000218e-13
3.612351700000000164e+03	2.528429999999999759e-13
3.614433100000000195e+03	2.456700000000000023e-13
3.616514400000000023e+03	2.492590000000000186e-13
3.618595800000000054e+03	2.517399999999999956e-13
3.620677200000000084e+03	2.434740000000000084e-13
3.622758499999999913e+03	2.311810000000000022e-13
3.624839899999999943e+03	2.162990000000000005e-13
3.626921200000000226e+03	2.070880000000000108e-13
3.629002599999999802e+03	2.130380000000000006e-13
3.631083999999999833e+03	2.187560000000000071e-13
3.633165300000000116e+03	2.195140000000000025e-13
3.635246700000000146e+03	2.262369999999999881e-13
3.637328100000000177e+03	2.329519999999999751e-13
3.639409400000000005e+03	2.322580000000000187e-13
3.641490800000000036e+03	2.273389999999999969e-13
3.643572099999999864e+03	2.223190000000000092e-13
3.645653499999999894e+03	2.172110000000000122e-13
3.647734899999999925e+03	2.089220000000000008e-13
3.649816200000000208e+03	2.046869999999999941e-13
3.651897599999999784e+03	2.071069999999999979e-13
3.653978999999999814e+03	2.172200000000000074e-13
3.656060300000000097e+03	2.244939999999999974e-13
3.658141700000000128e+03	2.217740000000000100e-13
3.660222999999999956e+03	2.233659999999999996e-13
3.662304399999999987e+03	2.302090000000000140e-13
3.664385800000000017e+03	2.348710000000000097e-13
3.666467099999999846e+03	2.447580000000000159e-13
3.668548499999999876e+03	2.555309999999999943e-13
3.670629899999999907e+03	2.428570000000000223e-13
3.672711200000000190e+03	2.270170000000000110e-13
3.674792600000000220e+03	2.177539999999999928e-13
3.676873900000000049e+03	2.149190000000000105e-13
3.678955300000000079e+03	2.219130000000000007e-13
3.681036700000000110e+03	2.268249999999999953e-13
3.683117999999999938e+03	2.173700000000000118e-13
3.685199399999999969e+03	2.031930000000000057e-13
3.687280699999999797e+03	2.003640000000000033e-13
3.689362099999999828e+03	2.065039999999999903e-13
3.691443499999999858e+03	2.099130000000000013e-13
3.693524800000000141e+03	2.104500000000000019e-13
3.695606200000000172e+03	2.191089999999999906e-13
3.697687600000000202e+03	2.243729999999999972e-13
3.699768900000000031e+03	2.184150000000000089e-13
3.701850300000000061e+03	2.091189999999999998e-13
3.703931599999999889e+03	2.013289999999999896e-13
3.706012999999999920e+03	1.994429999999999964e-13
3.708094399999999951e+03	2.019900000000000057e-13
3.710175699999999779e+03	2.053250000000000112e-13
3.712257099999999809e+03	2.035899999999999938e-13
3.714338499999999840e+03	2.018690000000000055e-13
3.716419800000000123e+03	2.053909999999999929e-13
3.718501200000000154e+03	2.064879999999999932e-13
3.720582499999999982e+03	2.060680000000000061e-13
3.722663900000000012e+03	2.013369999999999882e-13
3.724745300000000043e+03	1.954510000000000120e-13
3.726826599999999871e+03	2.053780000000000110e-13
3.728907999999999902e+03	2.237009999999999926e-13
3.730989399999999932e+03	2.329080000000000209e-13
3.733070700000000215e+03	2.294559999999999767e-13
3.735152099999999791e+03	2.192879999999999992e-13
3.737233400000000074e+03	2.061249999999999926e-13
3.739314800000000105e+03	1.964479999999999925e-13
3.741396200000000135e+03	1.978629999999999921e-13
3.743477499999999964e+03	2.007619999999999881e-13
3.745558899999999994e+03	1.976049999999999946e-13
3.747640300000000025e+03	1.950360000000000082e-13
3.749721599999999853e+03	1.939250000000000042e-13
3.751802999999999884e+03	1.949629999999999994e-13
3.753884300000000167e+03	1.978200000000000093e-13
3.755965700000000197e+03	1.952490000000000044e-13
3.758047099999999773e+03	1.944939999999999990e-13
3.760128400000000056e+03	1.991709999999999952e-13
3.762209800000000087e+03	2.079440000000000074e-13
3.764291099999999915e+03	2.121609999999999984e-13
3.766372499999999945e+03	2.046370000000000094e-13
3.768453899999999976e+03	1.916480000000000029e-13
3.770535199999999804e+03	1.823159999999999877e-13
3.772616599999999835e+03	1.863570000000000106e-13
3.774697999999999865e+03	1.929599999999999927e-13
3.776779300000000148e+03	1.952490000000000044e-13
3.778860700000000179e+03	1.946750000000000010e-13
3.780942000000000007e+03	1.919689999999999921e-13
3.783023400000000038e+03	1.944259999999999987e-13
3.785104800000000068e+03	1.989190000000000029e-13
3.787186099999999897e+03	2.018359999999999894e-13
3.789267499999999927e+03	2.025449999999999967e-13
3.791348899999999958e+03	1.984470000000000126e-13
3.793430199999999786e+03	1.933599999999999960e-13
3.795511599999999817e+03	1.903230000000000060e-13
3.797592900000000100e+03	1.897640000000000030e-13
3.799674300000000130e+03	1.883379999999999897e-13
3.801755700000000161e+03	1.862360000000000104e-13
3.803836999999999989e+03	1.867189999999999893e-13
3.805918400000000020e+03	1.906829999999999913e-13
3.807999800000000050e+03	1.936590000000000082e-13
3.810081099999999878e+03	1.922039999999999906e-13
3.812162499999999909e+03	1.912879999999999923e-13
3.814243800000000192e+03	1.944530000000000096e-13
3.816325200000000223e+03	1.958579999999999920e-13
3.818406599999999798e+03	1.870109999999999995e-13
3.820487900000000081e+03	1.780709999999999892e-13
3.822569300000000112e+03	1.833669999999999900e-13
3.824650700000000143e+03	1.872609999999999985e-13
3.826731999999999971e+03	1.809570000000000033e-13
3.828813400000000001e+03	1.805940000000000027e-13
3.830894699999999830e+03	1.845999999999999909e-13
3.832976099999999860e+03	1.852509999999999899e-13
3.835057499999999891e+03	1.900590000000000033e-13
3.837138800000000174e+03	2.010099999999999937e-13
3.839220200000000204e+03	2.041480000000000001e-13
3.841301599999999780e+03	1.965510000000000023e-13
3.843382900000000063e+03	1.920459999999999877e-13
3.845464300000000094e+03	1.907809999999999925e-13
3.847545599999999922e+03	1.858929999999999936e-13
3.849626999999999953e+03	1.778259999999999988e-13
3.851708399999999983e+03	1.712079999999999910e-13
3.853789699999999812e+03	1.730829999999999957e-13
3.855871099999999842e+03	1.818810000000000002e-13
3.857952400000000125e+03	1.860879999999999993e-13
3.860033800000000156e+03	1.870889999999999917e-13
3.862115200000000186e+03	1.905379999999999955e-13
3.864196500000000015e+03	1.928030000000000116e-13
3.866277900000000045e+03	1.911809999999999959e-13
3.868359300000000076e+03	1.849179999999999902e-13
3.870440599999999904e+03	1.793539999999999999e-13
3.872521999999999935e+03	1.781739999999999989e-13
3.874603300000000218e+03	1.757019999999999919e-13
3.876684699999999793e+03	1.693210000000000012e-13
3.878766099999999824e+03	1.615270000000000043e-13
3.880847400000000107e+03	1.603170000000000024e-13
3.882928800000000138e+03	1.690879999999999960e-13
3.885010200000000168e+03	1.796579999999999954e-13
3.887091499999999996e+03	1.860299999999999909e-13
3.889172900000000027e+03	1.832809999999999993e-13
3.891254199999999855e+03	1.754899999999999924e-13
3.893335599999999886e+03	1.709969999999999882e-13
3.895416999999999916e+03	1.714450000000000081e-13
3.897498300000000199e+03	1.755739999999999898e-13
3.899579699999999775e+03	1.728210000000000115e-13
3.901661099999999806e+03	1.671599999999999915e-13
3.903742400000000089e+03	1.700859999999999984e-13
3.905823800000000119e+03	1.780759999999999977e-13
3.907905099999999948e+03	1.852439999999999880e-13
3.909986499999999978e+03	1.816690000000000007e-13
3.912067900000000009e+03	1.710879999999999875e-13
3.914149199999999837e+03	1.638159999999999908e-13
3.916230599999999868e+03	1.616940000000000025e-13
3.918311999999999898e+03	1.637699999999999928e-13
3.920393300000000181e+03	1.640489999999999960e-13
3.922474700000000212e+03	1.616260000000000022e-13
3.924556000000000040e+03	1.627990000000000013e-13
3.926637400000000071e+03	1.653449999999999886e-13
3.928718800000000101e+03	1.659319999999999992e-13
3.930800099999999929e+03	1.662149999999999890e-13
3.932881499999999960e+03	1.663450000000000096e-13
3.934962799999999788e+03	1.663220000000000106e-13
3.937044199999999819e+03	1.659929999999999976e-13
3.939125599999999849e+03	1.656650000000000065e-13
3.941206900000000132e+03	1.638219999999999960e-13
3.943288300000000163e+03	1.594830000000000082e-13
3.945369700000000194e+03	1.599029999999999953e-13
3.947451000000000022e+03	1.637559999999999891e-13
3.949532400000000052e+03	1.628319999999999922e-13
3.951613699999999881e+03	1.566330000000000001e-13
3.953695099999999911e+03	1.509469999999999878e-13
3.955776499999999942e+03	1.505110000000000036e-13
3.957857800000000225e+03	1.511859999999999982e-13
3.959939199999999801e+03	1.489549999999999949e-13
3.962020599999999831e+03	1.481149999999999954e-13
3.964101900000000114e+03	1.504330000000000114e-13
3.966183300000000145e+03	1.480759999999999993e-13
3.968264599999999973e+03	1.406150000000000021e-13
3.970346000000000004e+03	1.393079999999999957e-13
3.972427400000000034e+03	1.435890000000000004e-13
3.974508699999999862e+03	1.459700000000000081e-13
3.976590099999999893e+03	1.468959999999999983e-13
3.978671499999999924e+03	1.508539999999999952e-13
3.980752800000000207e+03	1.564950000000000062e-13
3.982834199999999782e+03	1.595319999999999962e-13
3.984915500000000065e+03	1.577590000000000046e-13
3.986996900000000096e+03	1.548600000000000086e-13
3.989078300000000127e+03	1.539879999999999897e-13
3.991159599999999955e+03	1.541110000000000084e-13
3.993240999999999985e+03	1.543760000000000078e-13
3.995322400000000016e+03	1.567929999999999964e-13
3.997403699999999844e+03	1.626579999999999921e-13
3.999485099999999875e+03	1.670410000000000099e-13
4.001566400000000158e+03	1.674829999999999993e-13
4.003647800000000188e+03	1.662340000000000013e-13
4.005729200000000219e+03	1.646900000000000031e-13
4.007810500000000047e+03	1.634620000000000107e-13
4.009891900000000078e+03	1.631419999999999929e-13
4.011973300000000108e+03	1.619260000000000110e-13
4.014054599999999937e+03	1.576399999999999978e-13
4.016135999999999967e+03	1.531839999999999963e-13
4.018217299999999796e+03	1.510649999999999980e-13
4.020298699999999826e+03	1.545660000000000050e-13
4.022380099999999857e+03	1.599060000000000105e-13
4.024461400000000140e+03	1.579850000000000079e-13
4.026542800000000170e+03	1.528149999999999905e-13
4.028624099999999999e+03	1.513970000000000010e-13
4.030705500000000029e+03	1.556209999999999939e-13
4.032786900000000060e+03	1.601110000000000081e-13
4.034868199999999888e+03	1.593579999999999961e-13
4.036949599999999919e+03	1.572989999999999995e-13
4.039030999999999949e+03	1.569919999999999888e-13
4.041112299999999777e+03	1.555359999999999998e-13
4.043193699999999808e+03	1.548039999999999935e-13
4.045275000000000091e+03	1.585390000000000023e-13
4.047356400000000122e+03	1.605790000000000118e-13
4.049437800000000152e+03	1.582130000000000045e-13
4.051519099999999980e+03	1.580499999999999930e-13
4.053600500000000011e+03	1.590559999999999939e-13
4.055681900000000041e+03	1.578720000000000063e-13
4.057763199999999870e+03	1.578550000000000125e-13
4.059844599999999900e+03	1.588589999999999949e-13
4.061925900000000183e+03	1.589889999999999903e-13
4.064007300000000214e+03	1.566470000000000039e-13
4.066088699999999790e+03	1.512440000000000066e-13
4.068170000000000073e+03	1.468359999999999965e-13
4.070251400000000103e+03	1.460119999999999942e-13
4.072332800000000134e+03	1.468059999999999956e-13
4.074414099999999962e+03	1.488339999999999947e-13
4.076495499999999993e+03	1.501959999999999943e-13
4.078576799999999821e+03	1.479840000000000034e-13
4.080658199999999852e+03	1.454020000000000099e-13
4.082739599999999882e+03	1.453880000000000061e-13
4.084820900000000165e+03	1.453740000000000024e-13
4.086902300000000196e+03	1.441589999999999919e-13
4.088983700000000226e+03	1.421679999999999956e-13
4.091065000000000055e+03	1.407210000000000019e-13
4.093146400000000085e+03	1.385209999999999961e-13
4.095227699999999913e+03	1.326400000000000033e-13
4.097309100000000399e+03	1.261930000000000056e-13
4.099390500000000429e+03	1.219529999999999904e-13
4.101471800000000258e+03	1.203789999999999912e-13
4.103553200000000288e+03	1.197049999999999933e-13
4.105634500000000116e+03	1.189239999999999989e-13
4.107715900000000147e+03	1.215710000000000027e-13
4.109797300000000178e+03	1.281119999999999897e-13
4.111878600000000006e+03	1.342609999999999971e-13
4.113960000000000036e+03	1.372499999999999958e-13
4.116041400000000067e+03	1.371110000000000052e-13
4.118122699999999895e+03	1.354670000000000124e-13
4.120204099999999926e+03	1.342130000000000058e-13
4.122285399999999754e+03	1.364440000000000091e-13
4.124366799999999785e+03	1.399959999999999974e-13
4.126448199999999815e+03	1.398549999999999882e-13
4.128529499999999643e+03	1.388159999999999964e-13
4.130610899999999674e+03	1.391879999999999922e-13
4.132692299999999705e+03	1.395610000000000099e-13
4.134773600000000442e+03	1.396779999999999982e-13
4.136854999999999563e+03	1.383859999999999921e-13
4.138936300000000301e+03	1.363499999999999946e-13
4.141017700000000332e+03	1.353369999999999917e-13
4.143099100000000362e+03	1.352009999999999911e-13
4.145180400000000191e+03	1.350660000000000124e-13
4.147261800000000221e+03	1.346820000000000061e-13
4.149343200000000252e+03	1.359170000000000003e-13
4.151424500000000080e+03	1.380500000000000025e-13
4.153505900000000111e+03	1.388040000000000112e-13
4.155587199999999939e+03	1.386649999999999953e-13
4.157668599999999969e+03	1.405830000000000079e-13
4.159750000000000000e+03	1.433169999999999991e-13
4.161831299999999828e+03	1.450320000000000074e-13
4.163912699999999859e+03	1.444870000000000083e-13
4.165994099999999889e+03	1.418390000000000078e-13
4.168075399999999718e+03	1.414359999999999892e-13
4.170156799999999748e+03	1.423400000000000024e-13
4.172238099999999577e+03	1.405060000000000124e-13
4.174319499999999607e+03	1.389510000000000003e-13
4.176400899999999638e+03	1.385570000000000022e-13
4.178482200000000375e+03	1.382910000000000062e-13
4.180563600000000406e+03	1.386630000000000020e-13
4.182645000000000437e+03	1.380159999999999897e-13
4.184726300000000265e+03	1.349889999999999916e-13
4.186807700000000295e+03	1.297379999999999920e-13
4.188889000000000124e+03	1.257289999999999886e-13
4.190970400000000154e+03	1.250270000000000084e-13
4.193051800000000185e+03	1.255950000000000066e-13
4.195133100000000013e+03	1.255860000000000113e-13
4.197214500000000044e+03	1.239680000000000075e-13
4.199295799999999872e+03	1.228229999999999907e-13
4.201377199999999903e+03	1.236079999999999970e-13
4.203458599999999933e+03	1.247439999999999933e-13
4.205539899999999761e+03	1.254259999999999898e-13
4.207621299999999792e+03	1.263450000000000034e-13
4.209702699999999822e+03	1.269200000000000034e-13
4.211783999999999651e+03	1.276140000000000104e-13
4.213865399999999681e+03	1.286680000000000027e-13
4.215946700000000419e+03	1.287779999999999891e-13
4.218028100000000450e+03	1.278239999999999913e-13
4.220109499999999571e+03	1.285240000000000035e-13
4.222190800000000309e+03	1.315089999999999902e-13
4.224272200000000339e+03	1.349359999999999917e-13
4.226353600000000370e+03	1.363010000000000066e-13
4.228434900000000198e+03	1.346699999999999957e-13
4.230516300000000228e+03	1.319609999999999968e-13
4.232597600000000057e+03	1.299029999999999969e-13
4.234679000000000087e+03	1.297749999999999948e-13
4.236760400000000118e+03	1.309680000000000030e-13
4.238841699999999946e+03	1.312010000000000081e-13
4.240923099999999977e+03	1.311930000000000096e-13
4.243004500000000007e+03	1.330100000000000058e-13
4.245085799999999836e+03	1.347280000000000041e-13
4.247167199999999866e+03	1.341010000000000008e-13
4.249248499999999694e+03	1.316459999999999875e-13
4.251329899999999725e+03	1.289980000000000124e-13
4.253411299999999756e+03	1.275719999999999990e-13
4.255492599999999584e+03	1.274480000000000089e-13
4.257573999999999614e+03	1.280289999999999889e-13
4.259655399999999645e+03	1.279040000000000021e-13
4.261736700000000383e+03	1.275439999999999915e-13
4.263818100000000413e+03	1.273019999999999911e-13
4.265899400000000242e+03	1.294230000000000080e-13
4.267980800000000272e+03	1.330410000000000033e-13
4.270062200000000303e+03	1.343889999999999992e-13
4.272143500000000131e+03	1.333950000000000087e-13
4.274224900000000162e+03	1.301120000000000064e-13
4.276306300000000192e+03	1.276129999999999885e-13
4.278387600000000020e+03	1.284310000000000108e-13
4.280469000000000051e+03	1.294939999999999983e-13
4.282550299999999879e+03	1.302049999999999990e-13
4.284631699999999910e+03	1.324970000000000008e-13
4.286713099999999940e+03	1.331010000000000051e-13
4.288794399999999769e+03	1.294680000000000093e-13
4.290875799999999799e+03	1.263980000000000032e-13
4.292957099999999627e+03	1.247720000000000009e-13
4.295038499999999658e+03	1.231680000000000008e-13
4.297119899999999689e+03	1.224829999999999891e-13
4.299201200000000426e+03	1.242959999999999987e-13
4.301282599999999547e+03	1.254399999999999936e-13
4.303363999999999578e+03	1.243990000000000084e-13
4.305445300000000316e+03	1.231389999999999966e-13
4.307526700000000346e+03	1.225680000000000085e-13
4.309608000000000175e+03	1.218870000000000086e-13
4.311689400000000205e+03	1.217689999999999984e-13
4.313770800000000236e+03	1.225509999999999894e-13
4.315852100000000064e+03	1.231109999999999891e-13
4.317933500000000095e+03	1.229930000000000041e-13
4.320014900000000125e+03	1.225349999999999923e-13
4.322096199999999953e+03	1.225300000000000090e-13
4.324177599999999984e+03	1.224119999999999988e-13
4.326258899999999812e+03	1.203939999999999917e-13
4.328340299999999843e+03	1.168930000000000099e-13
4.330421699999999873e+03	1.120399999999999952e-13
4.332502999999999702e+03	1.065989999999999984e-13
4.334584399999999732e+03	1.027390000000000028e-13
4.336665799999999763e+03	1.018870000000000055e-13
4.338747099999999591e+03	1.017890000000000043e-13
4.340828499999999622e+03	1.008520000000000003e-13
4.342909800000000359e+03	1.016880000000000005e-13
4.344991200000000390e+03	1.053059999999999958e-13
4.347072600000000421e+03	1.103669999999999981e-13
4.349153900000000249e+03	1.146100000000000034e-13
4.351235300000000279e+03	1.172749999999999976e-13
4.353316700000000310e+03	1.192320000000000063e-13
4.355398000000000138e+03	1.203309999999999999e-13
4.357479400000000169e+03	1.201049999999999966e-13
4.359560699999999997e+03	1.198799999999999900e-13
4.361642100000000028e+03	1.198760000000000034e-13
4.363723500000000058e+03	1.203140000000000061e-13
4.365804799999999886e+03	1.203099999999999942e-13
4.367886199999999917e+03	1.169199999999999956e-13
4.369967499999999745e+03	1.136249999999999955e-13
4.372048899999999776e+03	1.158410000000000110e-13
4.374130299999999806e+03	1.175569999999999907e-13
4.376211599999999635e+03	1.161540000000000017e-13
4.378292999999999665e+03	1.169020000000000051e-13
4.380374399999999696e+03	1.183069999999999875e-13
4.382455700000000434e+03	1.158229999999999953e-13
4.384537099999999555e+03	1.128709999999999994e-13
4.386618400000000292e+03	1.121430000000000049e-13
4.388699800000000323e+03	1.127610000000000004e-13
4.390781200000000354e+03	1.145379999999999912e-13
4.392862500000000182e+03	1.166639999999999914e-13
4.394943900000000212e+03	1.173069999999999918e-13
4.397025300000000243e+03	1.167650000000000078e-13
4.399106600000000071e+03	1.162259999999999886e-13
4.401188000000000102e+03	1.155819999999999916e-13
4.403269299999999930e+03	1.154730000000000018e-13
4.405350699999999961e+03	1.164320000000000081e-13
4.407432099999999991e+03	1.171820000000000049e-13
4.409513399999999820e+03	1.185909999999999992e-13
4.411594799999999850e+03	1.196850000000000095e-13
4.413676199999999881e+03	1.189130000000000104e-13
4.415757499999999709e+03	1.178209999999999934e-13
4.417838899999999740e+03	1.183620000000000060e-13
4.419920199999999568e+03	1.202269999999999935e-13
4.422001599999999598e+03	1.210020000000000079e-13
4.424082999999999629e+03	1.196700000000000091e-13
4.426164300000000367e+03	1.184610000000000038e-13
4.428245700000000397e+03	1.167260000000000117e-13
4.430327100000000428e+03	1.155470000000000074e-13
4.432408400000000256e+03	1.158650000000000066e-13
4.434489800000000287e+03	1.165049999999999918e-13
4.436571100000000115e+03	1.158609999999999947e-13
4.438652500000000146e+03	1.147970000000000106e-13
4.440733900000000176e+03	1.136380000000000026e-13
4.442815200000000004e+03	1.126979999999999960e-13
4.444896600000000035e+03	1.131120000000000031e-13
4.446978000000000065e+03	1.136319999999999974e-13
4.449059299999999894e+03	1.125890000000000062e-13
4.451140699999999924e+03	1.109400000000000049e-13
4.453221999999999753e+03	1.106329999999999942e-13
4.455303399999999783e+03	1.123769999999999941e-13
4.457384799999999814e+03	1.112430000000000037e-13
4.459466099999999642e+03	1.074150000000000022e-13
4.461547499999999673e+03	1.047759999999999970e-13
4.463628800000000410e+03	1.030520000000000061e-13
4.465710200000000441e+03	1.001499999999999948e-13
4.467791599999999562e+03	9.859289999999999483e-14
4.469872900000000300e+03	9.831989999999999690e-14
4.471954300000000330e+03	9.877269999999999826e-14
4.474035700000000361e+03	1.007009999999999992e-13
4.476117000000000189e+03	1.039990000000000020e-13
4.478198400000000220e+03	1.069120000000000018e-13
4.480279700000000048e+03	1.085980000000000059e-13
4.482361100000000079e+03	1.099049999999999997e-13
4.484442500000000109e+03	1.107170000000000042e-13
4.486523799999999937e+03	1.111250000000000061e-13
4.488605199999999968e+03	1.109199999999999959e-13
4.490686599999999999e+03	1.094979999999999945e-13
4.492767899999999827e+03	1.058290000000000053e-13
4.494849299999999857e+03	1.028490000000000018e-13
4.496930599999999686e+03	1.037999999999999969e-13
4.499011999999999716e+03	1.056320000000000062e-13
4.501093399999999747e+03	1.064130000000000006e-13
4.503174699999999575e+03	1.055340000000000050e-13
4.505256099999999606e+03	1.046629999999999954e-13
4.507337499999999636e+03	1.056309999999999969e-13
4.509418800000000374e+03	1.073969999999999992e-13
4.511500200000000405e+03	1.077930000000000033e-13
4.513581500000000233e+03	1.074950000000000004e-13
4.515662900000000263e+03	1.067059999999999949e-13
4.517744300000000294e+03	1.047579999999999940e-13
4.519825600000000122e+03	1.036069999999999972e-13
4.521907000000000153e+03	1.046619999999999987e-13
4.523988400000000183e+03	1.073960000000000025e-13
4.526069700000000012e+03	1.083900000000000057e-13
4.528151100000000042e+03	1.058250000000000060e-13
4.530232399999999870e+03	1.026569999999999987e-13
4.532313799999999901e+03	9.940119999999999654e-14
4.534395199999999932e+03	9.615969999999999465e-14
4.536476499999999760e+03	9.449180000000000082e-14
4.538557899999999790e+03	9.353970000000000178e-14
4.540639199999999619e+03	9.200209999999999983e-14
4.542720599999999649e+03	9.124300000000000057e-14
4.544801999999999680e+03	9.217259999999999895e-14
4.546883300000000418e+03	9.354139999999999863e-14
4.548964700000000448e+03	9.545670000000000512e-14
4.551046099999999569e+03	9.705300000000000307e-14
4.553127400000000307e+03	9.741189999999999713e-14
4.555208800000000338e+03	9.714380000000000053e-14
4.557290100000000166e+03	9.750309999999999830e-14
4.559371500000000196e+03	9.804409999999999821e-14
4.561452900000000227e+03	9.831619999999999410e-14
4.563534200000000055e+03	9.868000000000000210e-14
4.565615600000000086e+03	9.886279999999999552e-14
4.567697000000000116e+03	9.850019999999999866e-14
4.569778299999999945e+03	9.804859999999999582e-14
4.571859699999999975e+03	9.868379999999999952e-14
4.573940999999999804e+03	9.923169999999999408e-14
4.576022399999999834e+03	9.841369999999999696e-14
4.578103799999999865e+03	9.724340000000000396e-14
4.580185099999999693e+03	9.653069999999999378e-14
4.582266499999999724e+03	9.697750000000000254e-14
4.584347899999999754e+03	9.733670000000000569e-14
4.586429199999999582e+03	9.671239999999999592e-14
4.588510599999999613e+03	9.468649999999999746e-14
4.590591900000000351e+03	9.321680000000000120e-14
4.592673300000000381e+03	9.521389999999999731e-14
4.594754700000000412e+03	9.689619999999999863e-14
4.596836000000000240e+03	9.663040000000000445e-14
4.598917400000000271e+03	9.627649999999999371e-14
4.600998800000000301e+03	9.618939999999999906e-14
4.603080100000000130e+03	9.557289999999999861e-14
4.605161500000000160e+03	9.504780000000000118e-14
4.607242799999999988e+03	9.469989999999999566e-14
4.609324200000000019e+03	9.461440000000000325e-14
4.611405600000000049e+03	9.566760000000000072e-14
4.613486899999999878e+03	9.789779999999999661e-14
4.615568299999999908e+03	9.736020000000000302e-14
4.617649699999999939e+03	9.462149999999999975e-14
4.619730999999999767e+03	9.436219999999999651e-14
4.621812399999999798e+03	9.541290000000000232e-14
4.623893699999999626e+03	9.559079999999999442e-14
4.625975099999999657e+03	9.410769999999999996e-14
4.628056499999999687e+03	9.188279999999999649e-14
4.630137800000000425e+03	8.971059999999999641e-14
4.632219199999999546e+03	8.864479999999999554e-14
4.634300500000000284e+03	8.954949999999999622e-14
4.636381900000000314e+03	8.971669999999999626e-14
4.638463300000000345e+03	8.922430000000000585e-14
4.640544600000000173e+03	8.947340000000000274e-14
4.642626000000000204e+03	9.088750000000000021e-14
4.644707400000000234e+03	9.275019999999999792e-14
4.646788700000000063e+03	9.292349999999999780e-14
4.648870100000000093e+03	9.207400000000000480e-14
4.650951399999999921e+03	9.123220000000000126e-14
4.653032799999999952e+03	9.115060000000000088e-14
4.655114199999999983e+03	9.157369999999999784e-14
4.657195499999999811e+03	9.216850000000000506e-14
4.659276899999999841e+03	9.157869999999999378e-14
4.661358299999999872e+03	8.966159999999999581e-14
4.663439599999999700e+03	8.900589999999999741e-14
4.665520999999999731e+03	8.966669999999999899e-14
4.667602299999999559e+03	9.100050000000000185e-14
4.669683699999999590e+03	9.184520000000000077e-14
4.671765099999999620e+03	9.167899999999999740e-14
4.673846400000000358e+03	9.084120000000000575e-14
4.675927800000000389e+03	8.893979999999999580e-14
4.678009200000000419e+03	8.525300000000000539e-14
4.680090500000000247e+03	8.111909999999999713e-14
4.682171900000000278e+03	7.747060000000000263e-14
4.684253200000000106e+03	7.391810000000000337e-14
4.686334600000000137e+03	7.324279999999999968e-14
4.688416000000000167e+03	7.599399999999999910e-14
4.690497299999999996e+03	7.884859999999999938e-14
4.692578700000000026e+03	8.061360000000000499e-14
4.694660100000000057e+03	8.121260000000000072e-14
4.696741399999999885e+03	8.341389999999999963e-14
4.698822799999999916e+03	8.630850000000000529e-14
4.700904099999999744e+03	8.615269999999999751e-14
4.702985499999999774e+03	8.568100000000000367e-14
4.705066899999999805e+03	8.655660000000000551e-14
4.707148199999999633e+03	8.632089999999999421e-14
4.709229599999999664e+03	8.521810000000000319e-14
4.711310900000000402e+03	8.420699999999999904e-14
4.713392300000000432e+03	8.343809999999999714e-14
4.715473699999999553e+03	8.367220000000000621e-14
4.717555000000000291e+03	8.452739999999999534e-14
4.719636400000000322e+03	8.539149999999999768e-14
4.721717800000000352e+03	8.586799999999999823e-14
4.723799100000000180e+03	8.579240000000000307e-14
4.725880500000000211e+03	8.540159999999999680e-14
4.727961800000000039e+03	8.667300000000000086e-14
4.730043200000000070e+03	8.836930000000000596e-14
4.732124600000000100e+03	8.764339999999999943e-14
4.734205899999999929e+03	8.541560000000000058e-14
4.736287299999999959e+03	8.448030000000000607e-14
4.738368699999999990e+03	8.589619999999999502e-14
4.740449999999999818e+03	8.645549999999999446e-14
4.742531399999999849e+03	8.535150000000000492e-14
4.744612699999999677e+03	8.551260000000000511e-14
4.746694099999999708e+03	8.662619999999999544e-14
4.748775499999999738e+03	8.727070000000000345e-14
4.750856799999999566e+03	8.655410000000000123e-14
4.752938199999999597e+03	8.466569999999999839e-14
4.755019599999999627e+03	8.266600000000000339e-14
4.757100900000000365e+03	8.168589999999999679e-14
4.759182300000000396e+03	8.214229999999999372e-14
4.761263600000000224e+03	8.452540000000000201e-14
4.763345000000000255e+03	8.625959999999999930e-14
4.765426400000000285e+03	8.515850000000000514e-14
4.767507700000000114e+03	8.391680000000000549e-14
4.769589100000000144e+03	8.454149999999999373e-14
4.771670500000000175e+03	8.603810000000000626e-14
4.773751800000000003e+03	8.548929999999999702e-14
4.775833200000000033e+03	8.416529999999999681e-14
4.777914499999999862e+03	8.393730000000000020e-14
4.779995899999999892e+03	8.440659999999999700e-14
4.782077299999999923e+03	8.511350000000000381e-14
4.784158599999999751e+03	8.480479999999999625e-14
4.786239999999999782e+03	8.349159999999999535e-14
4.788321399999999812e+03	8.182099999999999538e-14
4.790402699999999641e+03	8.182530000000000375e-14
4.792484099999999671e+03	8.319749999999999714e-14
4.794565400000000409e+03	8.459270000000000214e-14
4.796646800000000439e+03	8.451930000000000217e-14
4.798728199999999561e+03	8.252379999999999567e-14
4.800809500000000298e+03	8.057540000000000369e-14
4.802890900000000329e+03	7.954740000000000040e-14
4.804972200000000157e+03	7.962509999999999612e-14
4.807053600000000188e+03	8.073720000000000407e-14
4.809135000000000218e+03	8.163899999999999676e-14
4.811216300000000047e+03	8.277930000000000150e-14
4.813297700000000077e+03	8.463429999999999713e-14
4.815379100000000108e+03	8.526500000000000322e-14
4.817460399999999936e+03	8.402240000000000153e-14
4.819541799999999967e+03	8.188799999999999903e-14
4.821623099999999795e+03	8.084350000000000030e-14
4.823704499999999825e+03	8.010699999999999632e-14
4.825785899999999856e+03	7.959680000000000471e-14
4.827867199999999684e+03	8.183160000000000545e-14
4.829948599999999715e+03	8.198730000000000599e-14
4.832029999999999745e+03	7.975770000000000305e-14
4.834111299999999574e+03	7.939590000000000100e-14
4.836192699999999604e+03	7.918159999999999907e-14
4.838274000000000342e+03	7.846040000000000463e-14
4.840355400000000373e+03	7.803279999999999744e-14
4.842436800000000403e+03	7.732210000000000583e-14
4.844518100000000231e+03	7.690070000000000573e-14
4.846599500000000262e+03	7.676400000000000491e-14
4.848680900000000292e+03	7.662750000000000595e-14
4.850762200000000121e+03	7.698599999999999629e-14
4.852843600000000151e+03	7.503069999999999704e-14
4.854924899999999980e+03	7.041519999999999767e-14
4.857006300000000010e+03	6.663379999999999977e-14
4.859087700000000041e+03	6.328810000000000222e-14
4.861168999999999869e+03	6.044360000000000106e-14
4.863250399999999900e+03	6.028069999999999678e-14
4.865331799999999930e+03	6.272010000000000404e-14
4.867413099999999758e+03	6.598350000000000101e-14
4.869494499999999789e+03	6.865370000000000563e-14
4.871575799999999617e+03	7.058180000000000476e-14
4.873657199999999648e+03	7.249730000000000048e-14
4.875738599999999678e+03	7.344309999999999783e-14
4.877819900000000416e+03	7.371909999999999837e-14
4.879901300000000447e+03	7.372409999999999431e-14
4.881982699999999568e+03	7.400130000000000599e-14
4.884064000000000306e+03	7.573019999999999825e-14
4.886145400000000336e+03	7.594490000000000389e-14
4.888226700000000164e+03	7.463269999999999964e-14
4.890308100000000195e+03	7.402170000000000608e-14
4.892389500000000226e+03	7.575120000000000391e-14
4.894470800000000054e+03	7.795069999999999873e-14
4.896552200000000084e+03	7.724150000000000212e-14
4.898633499999999913e+03	7.576729999999999564e-14
4.900714899999999943e+03	7.535510000000000523e-14
4.902796299999999974e+03	7.633860000000000553e-14
4.904877599999999802e+03	7.819430000000000135e-14
4.906958999999999833e+03	7.885090000000000180e-14
4.909040399999999863e+03	7.791809999999999895e-14
4.911121699999999691e+03	7.685469999999999512e-14
4.913203099999999722e+03	7.552700000000000473e-14
4.915284399999999550e+03	7.394930000000000278e-14
4.917365799999999581e+03	7.260499999999999708e-14
4.919447199999999611e+03	7.194469999999999383e-14
4.921528500000000349e+03	7.155360000000000371e-14
4.923609900000000380e+03	7.169100000000000472e-14
4.925691300000000410e+03	7.377300000000000029e-14
4.927772600000000239e+03	7.570600000000000073e-14
4.929854000000000269e+03	7.655320000000000393e-14
4.931935300000000097e+03	7.578739999999999926e-14
4.934016700000000128e+03	7.461570000000000587e-14
4.936098100000000159e+03	7.421030000000000288e-14
4.938179399999999987e+03	7.340030000000000431e-14
4.940260800000000017e+03	7.233220000000000101e-14
4.942342200000000048e+03	7.207190000000000110e-14
4.944423499999999876e+03	7.314759999999999924e-14
4.946504899999999907e+03	7.465079999999999731e-14
4.948586199999999735e+03	7.527820000000000431e-14
4.950667599999999766e+03	7.542310000000000554e-14
4.952748999999999796e+03	7.542909999999999815e-14
4.954830299999999625e+03	7.529639999999999660e-14
4.956911699999999655e+03	7.481849999999999568e-14
4.958993099999999686e+03	7.325619999999999788e-14
4.961074400000000423e+03	7.232359999999999689e-14
4.963155800000000454e+03	7.206360000000000608e-14
4.965237100000000282e+03	7.206950000000000406e-14
4.967318500000000313e+03	7.227490000000000539e-14
4.969399900000000343e+03	7.254770000000000146e-14
4.971481200000000172e+03	7.255380000000000130e-14
4.973562600000000202e+03	7.209359999999999434e-14
4.975643900000000031e+03	7.150440000000000125e-14
4.977725300000000061e+03	7.118190000000000439e-14
4.979806700000000092e+03	7.118800000000000423e-14
4.981887999999999920e+03	7.099760000000000335e-14
4.983969399999999951e+03	7.093830000000000177e-14
4.986050799999999981e+03	7.087909999999999482e-14
4.988132099999999809e+03	7.062459999999999827e-14
4.990213499999999840e+03	7.121859999999999806e-14
4.992294799999999668e+03	7.135609999999999369e-14
4.994376199999999699e+03	6.993090000000000043e-14
4.996457599999999729e+03	6.974409999999999511e-14
4.998538899999999558e+03	7.117799999999999973e-14
5.000620299999999588e+03	7.204169999999999836e-14
5.002701699999999619e+03	7.191550000000000038e-14
5.004783000000000357e+03	7.106590000000000014e-14
5.006864400000000387e+03	7.061549999999999582e-14
5.008945700000000215e+03	7.101319999999999674e-14
5.011027100000000246e+03	7.128169999999999706e-14
5.013108500000000276e+03	7.018069999999999751e-14
5.015189800000000105e+03	6.846319999999999751e-14
5.017271200000000135e+03	6.759220000000000051e-14
5.019352600000000166e+03	6.753610000000000341e-14
5.021433899999999994e+03	6.797919999999999674e-14
5.023515300000000025e+03	6.723819999999999515e-14
5.025596599999999853e+03	6.705890000000000267e-14
5.027677999999999884e+03	6.799810000000000184e-14
5.029759399999999914e+03	6.819259999999999662e-14
5.031840699999999742e+03	6.807349999999999514e-14
5.033922099999999773e+03	6.864650000000000189e-14
5.036003499999999804e+03	6.752420000000000020e-14
5.038084799999999632e+03	6.623700000000000089e-14
5.040166199999999662e+03	6.797390000000000433e-14
5.042247500000000400e+03	6.867259999999999811e-14
5.044328900000000431e+03	6.773680000000000527e-14
5.046410299999999552e+03	6.712229999999999814e-14
5.048491600000000290e+03	6.675879999999999924e-14
5.050573000000000320e+03	6.682670000000000493e-14
5.052654400000000351e+03	6.732749999999999761e-14
5.054735700000000179e+03	6.764479999999999667e-14
5.056817100000000210e+03	6.703120000000000421e-14
5.058898400000000038e+03	6.672979999999999502e-14
5.060979800000000068e+03	6.747800000000000035e-14
5.063061200000000099e+03	6.842350000000000122e-14
5.065142499999999927e+03	6.855640000000000462e-14
5.067223899999999958e+03	6.787210000000000571e-14
5.069305199999999786e+03	6.657860000000000471e-14
5.071386599999999817e+03	6.549050000000000503e-14
5.073467999999999847e+03	6.579940000000000183e-14
5.075549299999999675e+03	6.647610000000000590e-14
5.077630699999999706e+03	6.685119999999999892e-14
5.079712099999999737e+03	6.642830000000000382e-14
5.081793399999999565e+03	6.552360000000000315e-14
5.083874799999999595e+03	6.409760000000000246e-14
5.085956100000000333e+03	6.224240000000000497e-14
5.088037500000000364e+03	6.128170000000000180e-14
5.090118900000000394e+03	6.168450000000000590e-14
5.092200200000000223e+03	6.306969999999999378e-14
5.094281600000000253e+03	6.418980000000000029e-14
5.096363000000000284e+03	6.372520000000000295e-14
5.098444300000000112e+03	6.308940000000000631e-14
5.100525700000000143e+03	6.338719999999999470e-14
5.102606999999999971e+03	6.469149999999999501e-14
5.104688400000000001e+03	6.469829999999999504e-14
5.106769800000000032e+03	6.282599999999999655e-14
5.108851099999999860e+03	6.128940000000000388e-14
5.110932499999999891e+03	6.056629999999999811e-14
5.113013899999999921e+03	6.085239999999999777e-14
5.115095199999999750e+03	6.108350000000000422e-14
5.117176599999999780e+03	6.058579999999999616e-14
5.119257899999999609e+03	5.992630000000000033e-14
5.121339299999999639e+03	5.987759999999999620e-14
5.123420699999999670e+03	6.054960000000000081e-14
5.125502000000000407e+03	6.022249999999999911e-14
5.127583400000000438e+03	5.956709999999999717e-14
5.129664799999999559e+03	6.012479999999999438e-14
5.131746100000000297e+03	6.158869999999999989e-14
5.133827500000000327e+03	6.303029999999999397e-14
5.135908800000000156e+03	6.257439999999999538e-14
5.137990200000000186e+03	6.093200000000000482e-14
5.140071600000000217e+03	5.933259999999999701e-14
5.142152900000000045e+03	5.847120000000000080e-14
5.144234300000000076e+03	5.863950000000000474e-14
5.146315599999999904e+03	5.995679999999999954e-14
5.148396999999999935e+03	6.068589999999999792e-14
5.150478399999999965e+03	6.069269999999999795e-14
5.152559699999999793e+03	6.053209999999999609e-14
5.154641099999999824e+03	5.959840000000000382e-14
5.156722499999999854e+03	5.878739999999999596e-14
5.158803799999999683e+03	5.852390000000000420e-14
5.160885199999999713e+03	5.907220000000000248e-14
5.162966500000000451e+03	6.034379999999999577e-14
5.165047899999999572e+03	6.107770000000000086e-14
5.167129299999999603e+03	6.097240000000000129e-14
5.169210600000000341e+03	5.975620000000000492e-14
5.171292000000000371e+03	5.802750000000000190e-14
5.173373400000000402e+03	5.819479999999999655e-14
5.175454700000000230e+03	5.961209999999999850e-14
5.177536100000000260e+03	6.039279999999999637e-14
5.179617400000000089e+03	6.023320000000000380e-14
5.181698800000000119e+03	5.952329999999999437e-14
5.183780200000000150e+03	5.975010000000000508e-14
5.185861499999999978e+03	6.014369999999999948e-14
5.187942900000000009e+03	5.932550000000000051e-14
5.190024300000000039e+03	5.857239999999999385e-14
5.192105599999999868e+03	5.912140000000000494e-14
5.194186999999999898e+03	5.973049999999999979e-14
5.196268299999999726e+03	5.946319999999999799e-14
5.198349699999999757e+03	5.914259999999999984e-14
5.200431099999999788e+03	5.936810000000000479e-14
5.202512399999999616e+03	5.915690000000000009e-14
5.204593799999999646e+03	5.835230000000000118e-14
5.206675199999999677e+03	5.819829999999999749e-14
5.208756500000000415e+03	5.885229999999999905e-14
5.210837900000000445e+03	5.924019999999999733e-14
5.212919200000000274e+03	5.902959999999999820e-14
5.215000600000000304e+03	5.903680000000000195e-14
5.217082000000000335e+03	5.909850000000000056e-14
5.219163300000000163e+03	5.878000000000000298e-14
5.221244700000000194e+03	5.851719999999999879e-14
5.223326100000000224e+03	5.836300000000000587e-14
5.225407400000000052e+03	5.741050000000000311e-14
5.227488800000000083e+03	5.673429999999999737e-14
5.229570099999999911e+03	5.768989999999999736e-14
5.231651499999999942e+03	5.882390000000000040e-14
5.233732899999999972e+03	5.861499999999999813e-14
5.235814199999999801e+03	5.862229999999999649e-14
5.237895599999999831e+03	5.950010000000000614e-14
5.239976899999999659e+03	5.907080000000000211e-14
5.242058299999999690e+03	5.773349999999999830e-14
5.244139699999999721e+03	5.721149999999999810e-14
5.246220999999999549e+03	5.716610000000000569e-14
5.248302399999999579e+03	5.670140000000000112e-14
5.250383799999999610e+03	5.624050000000000027e-14
5.252465100000000348e+03	5.619599999999999728e-14
5.254546500000000378e+03	5.635869999999999971e-14
5.256627800000000207e+03	5.615869999999999804e-14
5.258709200000000237e+03	5.621770000000000314e-14
5.260790600000000268e+03	5.674529999999999854e-14
5.262871900000000096e+03	5.680490000000000290e-14
5.264953300000000127e+03	5.691710000000000342e-14
5.267034700000000157e+03	5.761019999999999569e-14
5.269115999999999985e+03	5.772400000000000476e-14
5.271197400000000016e+03	5.765086791044775975e-14
5.273278699999999844e+03	5.757773582089552737e-14
5.275360099999999875e+03	5.750460373134328237e-14
5.277441499999999905e+03	5.743147164179104999e-14
5.279522799999999734e+03	5.735833955223880499e-14
5.281604199999999764e+03	5.728520746268657261e-14
5.283685599999999795e+03	5.721207537313432761e-14
5.285766899999999623e+03	5.713894328358209523e-14
5.287848299999999654e+03	5.706581119402985023e-14
5.289929600000000391e+03	5.699267910447761785e-14
5.292011000000000422e+03	5.691954701492537285e-14
5.294092400000000453e+03	5.684641492537314047e-14
5.296173700000000281e+03	5.677328283582090178e-14
5.298255100000000311e+03	5.670015074626866309e-14
5.300336500000000342e+03	5.662701865671642440e-14
5.302417800000000170e+03	5.655388656716418571e-14
5.304499200000000201e+03	5.648075447761194702e-14
5.306580500000000029e+03	5.640762238805970833e-14
5.308661900000000060e+03	5.633449029850746964e-14
5.310743300000000090e+03	5.626135820895523095e-14
5.312824599999999919e+03	5.618822611940299226e-14
5.314905999999999949e+03	5.611509402985075357e-14
5.316987399999999980e+03	5.604196194029850857e-14
5.319068699999999808e+03	5.596882985074627619e-14
5.321150099999999838e+03	5.589569776119403119e-14
5.323231399999999667e+03	5.582256567164179250e-14
5.325312799999999697e+03	5.574943358208955381e-14
5.327394199999999728e+03	5.567630149253731512e-14
5.329475499999999556e+03	5.560316940298507643e-14
5.331556899999999587e+03	5.553003731343283774e-14
5.333638200000000325e+03	5.545690522388059905e-14
5.335719600000000355e+03	5.538377313432836036e-14
5.337801000000000386e+03	5.531064104477612167e-14
5.339882300000000214e+03	5.523750895522388298e-14
5.341963700000000244e+03	5.516437686567164429e-14
5.344045100000000275e+03	5.509124477611940560e-14
5.346126400000000103e+03	5.501811268656716691e-14
5.348207800000000134e+03	5.494498059701492822e-14
5.350289099999999962e+03	5.487184850746268953e-14
5.352370499999999993e+03	5.479871641791045084e-14
5.354451900000000023e+03	5.472558432835821215e-14
5.356533199999999852e+03	5.465245223880597346e-14
5.358614599999999882e+03	5.457932014925373477e-14
5.360695999999999913e+03	5.450618805970149608e-14
5.362777299999999741e+03	5.443305597014925739e-14
5.364858699999999772e+03	5.435992388059701870e-14
5.366939999999999600e+03	5.428679179104478001e-14
5.369021399999999630e+03	5.421365970149254131e-14
5.371102799999999661e+03	5.414052761194030262e-14
5.373184100000000399e+03	5.406739552238806393e-14
5.375265500000000429e+03	5.399426343283582524e-14
5.377346899999999550e+03	5.392113134328358655e-14
5.379428200000000288e+03	5.384799925373134786e-14
5.381509600000000319e+03	5.377486716417910917e-14
5.383590900000000147e+03	5.370173507462687048e-14
5.385672300000000178e+03	5.362860298507463179e-14
5.387753700000000208e+03	5.355547089552239310e-14
5.389835000000000036e+03	5.348233880597015441e-14
5.391916400000000067e+03	5.340920671641791572e-14
5.393997800000000097e+03	5.333607462686567703e-14
5.396079099999999926e+03	5.326294253731343834e-14
5.398160499999999956e+03	5.318981044776119965e-14
5.400241799999999785e+03	5.311667835820896096e-14
5.402323199999999815e+03	5.304354626865672227e-14
5.404404599999999846e+03	5.297041417910448358e-14
5.406485899999999674e+03	5.289728208955224489e-14
5.408567299999999705e+03	5.282415000000000620e-14
5.410648600000000442e+03	5.275101791044776120e-14
5.412729999999999563e+03	5.267788582089552882e-14
5.414811399999999594e+03	5.260475373134328382e-14
5.416892700000000332e+03	5.253162164179105144e-14
5.418974100000000362e+03	5.245848955223880644e-14
5.421055500000000393e+03	5.238535746268656775e-14
5.423136800000000221e+03	5.231222537313432906e-14
5.425218200000000252e+03	5.223909328358209037e-14
5.427299500000000080e+03	5.216596119402985168e-14
5.429380900000000111e+03	5.209282910447761299e-14
5.431462300000000141e+03	5.201969701492537430e-14
5.433543599999999969e+03	5.194656492537313561e-14
5.435625000000000000e+03	5.187343283582089692e-14
5.437706400000000031e+03	5.180030074626865823e-14
5.439787699999999859e+03	5.172716865671641954e-14
5.441869099999999889e+03	5.165403656716418085e-14
5.443950399999999718e+03	5.158090447761194216e-14
5.446031799999999748e+03	5.150777238805970347e-14
5.448113199999999779e+03	5.143464029850746478e-14
5.450194499999999607e+03	5.136150820895522609e-14
5.452275899999999638e+03	5.128837611940298740e-14
5.454357299999999668e+03	5.121524402985074871e-14
5.456438600000000406e+03	5.114211194029851002e-14
5.458520000000000437e+03	5.106897985074627133e-14
5.460601300000000265e+03	5.099584776119403264e-14
5.462682700000000295e+03	5.092271567164179395e-14
5.464764100000000326e+03	5.084958358208955525e-14
5.466845400000000154e+03	5.077645149253731656e-14
5.468926800000000185e+03	5.070331940298507787e-14
5.471008200000000215e+03	5.063018731343283918e-14
5.473089500000000044e+03	5.055705522388060049e-14
5.475170900000000074e+03	5.048392313432836180e-14
5.477252199999999903e+03	5.041079104477612311e-14
5.479333599999999933e+03	5.033765895522388442e-14
5.481414999999999964e+03	5.026452686567164573e-14
5.483496299999999792e+03	5.019139477611940704e-14
5.485577699999999822e+03	5.011826268656716835e-14
5.487659099999999853e+03	5.004513059701492966e-14
5.489740399999999681e+03	4.997199850746269097e-14
5.491821799999999712e+03	4.989886641791045228e-14
5.493903100000000450e+03	4.982573432835821359e-14
5.495984499999999571e+03	4.975260223880597490e-14
5.498065899999999601e+03	4.967947014925373621e-14
5.500147200000000339e+03	4.960633805970149121e-14
5.502228600000000370e+03	4.953320597014925883e-14
5.504309900000000198e+03	4.946007388059701383e-14
5.506391300000000228e+03	4.938694179104478145e-14
5.508472700000000259e+03	4.931380970149253645e-14
5.510554000000000087e+03	4.924067761194030407e-14
5.512635400000000118e+03	4.916754552238805907e-14
5.514716800000000148e+03	4.909441343283582669e-14
5.516798099999999977e+03	4.902128134328358169e-14
5.518879500000000007e+03	4.894814925373134931e-14
5.520960799999999836e+03	4.887501716417910431e-14
5.523042199999999866e+03	4.880188507462687193e-14
5.525123599999999897e+03	4.872875298507462693e-14
5.527204899999999725e+03	4.865562089552238824e-14
5.529286299999999756e+03	4.858248880597014955e-14
5.531367699999999786e+03	4.850935671641791086e-14
5.533448999999999614e+03	4.843622462686567217e-14
5.535530399999999645e+03	4.836309253731343348e-14
5.537611700000000383e+03	4.828996044776119479e-14
5.539693100000000413e+03	4.821682835820895610e-14
5.541774500000000444e+03	4.814369626865671741e-14
5.543855800000000272e+03	4.807056417910447872e-14
5.545937200000000303e+03	4.799743208955224003e-14
5.548018600000000333e+03	4.792430000000000134e-14
5.550099900000000162e+03	4.753680000000000046e-14
5.552181300000000192e+03	4.723939999999999685e-14
5.554262600000000020e+03	4.716050000000000261e-14
5.556344000000000051e+03	4.751749999999999796e-14
5.558425400000000081e+03	4.858789999999999737e-14
5.560506699999999910e+03	4.972820000000000211e-14
5.562588099999999940e+03	5.019700000000000058e-14
5.564669499999999971e+03	5.002110000000000180e-14
5.566750799999999799e+03	4.938879999999999979e-14
5.568832199999999830e+03	4.876450000000000264e-14
5.570913499999999658e+03	4.837030000000000267e-14
5.572994899999999689e+03	4.820080000000000021e-14
5.575076299999999719e+03	4.843169999999999850e-14
5.577157599999999547e+03	4.902369999999999865e-14
5.579238999999999578e+03	4.944039999999999929e-14
5.581320300000000316e+03	4.967730000000000280e-14
5.583401700000000346e+03	4.973179999999999767e-14
5.585483100000000377e+03	4.942080000000000031e-14
5.587564400000000205e+03	4.861680000000000066e-14
5.589645800000000236e+03	4.795820000000000057e-14
5.591727200000000266e+03	4.770229999999999733e-14
5.593808500000000095e+03	4.771080000000000053e-14
5.595889900000000125e+03	4.741250000000000118e-14
5.597971199999999953e+03	4.668419999999999761e-14
5.600052599999999984e+03	4.575589999999999868e-14
5.602134000000000015e+03	4.526109999999999861e-14
5.604215299999999843e+03	4.551999999999999814e-14
5.606296699999999873e+03	4.569609999999999877e-14
5.608378099999999904e+03	4.583079999999999996e-14
5.610459399999999732e+03	4.596579999999999762e-14
5.612540799999999763e+03	4.618619999999999938e-14
5.614622099999999591e+03	4.619450000000000072e-14
5.616703499999999622e+03	4.607529999999999831e-14
5.618784899999999652e+03	4.604119999999999722e-14
5.620866200000000390e+03	4.630470000000000160e-14
5.622947600000000421e+03	4.597310000000000229e-14
5.625029000000000451e+03	4.564379999999999909e-14
5.627110300000000279e+03	4.573629999999999970e-14
5.629191700000000310e+03	4.616779999999999893e-14
5.631273000000000138e+03	4.626139999999999713e-14
5.633354400000000169e+03	4.639780000000000148e-14
5.635435800000000199e+03	4.653469999999999785e-14
5.637517100000000028e+03	4.628669999999999855e-14
5.639598500000000058e+03	4.625250000000000285e-14
5.641679900000000089e+03	4.600599999999999854e-14
5.643761199999999917e+03	4.559259999999999699e-14
5.645842599999999948e+03	4.518289999999999824e-14
5.647923899999999776e+03	4.485949999999999934e-14
5.650005299999999806e+03	4.425210000000000134e-14
5.652086699999999837e+03	4.361279999999999744e-14
5.654167999999999665e+03	4.318119999999999729e-14
5.656249399999999696e+03	4.275379999999999828e-14
5.658330799999999726e+03	4.268299999999999720e-14
5.660412099999999555e+03	4.280899999999999965e-14
5.662493499999999585e+03	4.309390000000000078e-14
5.664574800000000323e+03	4.306229999999999767e-14
5.666656200000000354e+03	4.303059999999999993e-14
5.668737600000000384e+03	4.307830000000000108e-14
5.670818900000000212e+03	4.332510000000000186e-14
5.672900300000000243e+03	4.393610000000000173e-14
5.674981600000000071e+03	4.439179999999999847e-14
5.677063000000000102e+03	4.468729999999999705e-14
5.679144400000000132e+03	4.473689999999999691e-14
5.681225699999999961e+03	4.478650000000000308e-14
5.683307099999999991e+03	4.463029999999999790e-14
5.685388500000000022e+03	4.443360000000000163e-14
5.687469799999999850e+03	4.419710000000000183e-14
5.689551199999999881e+03	4.380020000000000203e-14
5.691632499999999709e+03	4.392969999999999910e-14
5.693713899999999740e+03	4.422220000000000139e-14
5.695795299999999770e+03	4.447570000000000127e-14
5.697876599999999598e+03	4.452520000000000020e-14
5.699957999999999629e+03	4.428820000000000207e-14
5.702039399999999659e+03	4.405259999999999800e-14
5.704120700000000397e+03	4.385850000000000063e-14
5.706202100000000428e+03	4.366539999999999991e-14
5.708283400000000256e+03	4.351320000000000032e-14
5.710364800000000287e+03	4.364190000000000259e-14
5.712446200000000317e+03	4.365029999999999855e-14
5.714527500000000146e+03	4.353829999999999988e-14
5.716608900000000176e+03	4.350660000000000215e-14
5.718690300000000207e+03	4.339489999999999996e-14
5.720771600000000035e+03	4.304500000000000111e-14
5.722853000000000065e+03	4.261929999999999895e-14
5.724934299999999894e+03	4.286379999999999730e-14
5.727015699999999924e+03	4.275379999999999828e-14
5.729097099999999955e+03	4.264410000000000203e-14
5.731178399999999783e+03	4.261319999999999911e-14
5.733259799999999814e+03	4.266069999999999840e-14
5.735341199999999844e+03	4.322279999999999860e-14
5.737422499999999673e+03	4.367149999999999976e-14
5.739503899999999703e+03	4.368000000000000295e-14
5.741585200000000441e+03	4.304949999999999872e-14
5.743666599999999562e+03	4.215540000000000181e-14
5.745747999999999593e+03	4.170019999999999709e-14
5.747829300000000330e+03	4.178529999999999841e-14
5.749910700000000361e+03	4.237500000000000245e-14
5.751992000000000189e+03	4.250060000000000118e-14
5.754073400000000220e+03	4.258739999999999936e-14
5.756154800000000250e+03	4.251739999999999940e-14
5.758236100000000079e+03	4.233039999999999853e-14
5.760317500000000109e+03	4.179640000000000051e-14
5.762398900000000140e+03	4.153599999999999967e-14
5.764480199999999968e+03	4.150599999999999879e-14
5.766561599999999999e+03	4.159079999999999732e-14
5.768642899999999827e+03	4.133179999999999686e-14
5.770724299999999857e+03	4.107439999999999864e-14
5.772805699999999888e+03	4.112040000000000293e-14
5.774886999999999716e+03	4.139470000000000031e-14
5.776968399999999747e+03	4.147929999999999699e-14
5.779049799999999777e+03	4.144939999999999704e-14
5.781131099999999606e+03	4.138149999999999765e-14
5.783212499999999636e+03	4.116170000000000145e-14
5.785293800000000374e+03	4.083010000000000214e-14
5.787375200000000405e+03	4.057590000000000207e-14
5.789456600000000435e+03	4.043489999999999919e-14
5.791537900000000263e+03	4.048029999999999792e-14
5.793619300000000294e+03	4.093849999999999893e-14
5.795700700000000325e+03	4.143999999999999811e-14
5.797782000000000153e+03	4.152480000000000296e-14
5.799863400000000183e+03	4.145680000000000264e-14
5.801944700000000012e+03	4.142709999999999823e-14
5.804026100000000042e+03	4.155019999999999899e-14
5.806107500000000073e+03	4.155870000000000219e-14
5.808188799999999901e+03	4.141429999999999929e-14
5.810270199999999932e+03	4.119450000000000309e-14
5.812351599999999962e+03	4.143119999999999844e-14
5.814432899999999790e+03	4.140160000000000127e-14
5.816514299999999821e+03	4.110610000000000268e-14
5.818595599999999649e+03	4.062519999999999915e-14
5.820676999999999680e+03	4.000230000000000238e-14
5.822758399999999710e+03	3.971680000000000198e-14
5.824839700000000448e+03	3.976160000000000144e-14
5.826921099999999569e+03	3.999019999999999731e-14
5.829002499999999600e+03	4.022009999999999893e-14
5.831083800000000338e+03	4.019139999999999750e-14
5.833165200000000368e+03	3.968470000000000053e-14
5.835246500000000196e+03	3.918439999999999987e-14
5.837327900000000227e+03	3.901250000000000037e-14
5.839409300000000258e+03	3.949060000000000315e-14
5.841490600000000086e+03	4.027019999999999713e-14
5.843572000000000116e+03	4.016750000000000277e-14
5.845653299999999945e+03	3.911699999999999882e-14
5.847734699999999975e+03	3.966949999999999823e-14
5.849816100000000006e+03	3.978760000000000305e-14
5.851897399999999834e+03	3.957660000000000021e-14
5.853978799999999865e+03	3.929429999999999797e-14
5.856060199999999895e+03	3.952030000000000125e-14
5.858141499999999724e+03	3.974769999999999859e-14
5.860222899999999754e+03	3.990279999999999987e-14
5.862304199999999582e+03	3.994800000000000305e-14
5.864385599999999613e+03	3.973619999999999910e-14
5.866466999999999643e+03	3.883990000000000069e-14
5.868548300000000381e+03	3.817419999999999778e-14
5.870629700000000412e+03	3.755449999999999916e-14
5.872711100000000442e+03	3.674130000000000244e-14
5.874792400000000271e+03	3.581350000000000184e-14
5.876873800000000301e+03	3.578809999999999949e-14
5.878955100000000130e+03	3.636060000000000160e-14
5.881036500000000160e+03	3.714700000000000191e-14
5.883117900000000191e+03	3.753329999999999795e-14
5.885199200000000019e+03	3.792359999999999958e-14
5.887280600000000049e+03	3.817699999999999853e-14
5.889362000000000080e+03	3.822039999999999762e-14
5.891443299999999908e+03	3.815820000000000067e-14
5.893524699999999939e+03	3.774689999999999969e-14
5.895605999999999767e+03	3.737439999999999926e-14
5.897687399999999798e+03	3.721070000000000017e-14
5.899768799999999828e+03	3.749399999999999907e-14
5.901850099999999657e+03	3.802380000000000227e-14
5.903931499999999687e+03	3.859660000000000085e-14
5.906012899999999718e+03	3.896209999999999940e-14
5.908094199999999546e+03	3.879149999999999935e-14
5.910175599999999577e+03	3.809170000000000166e-14
5.912256900000000314e+03	3.764650000000000145e-14
5.914338300000000345e+03	3.755080000000000267e-14
5.916419700000000375e+03	3.773230000000000296e-14
5.918501000000000204e+03	3.781009999999999961e-14
5.920582400000000234e+03	3.792300000000000032e-14
5.922663800000000265e+03	3.793130000000000166e-14
5.924745100000000093e+03	3.766099999999999725e-14
5.926826500000000124e+03	3.725519999999999685e-14
5.928907799999999952e+03	3.740089999999999919e-14
5.930989199999999983e+03	3.765109999999999999e-14
5.933070600000000013e+03	3.786800000000000081e-14
5.935151899999999841e+03	3.794620000000000117e-14
5.937233299999999872e+03	3.781490000000000000e-14
5.939314599999999700e+03	3.761479999999999740e-14
5.941395999999999731e+03	3.745020000000000258e-14
5.943477399999999761e+03	3.756210000000000031e-14
5.945558699999999590e+03	3.770910000000000211e-14
5.947640099999999620e+03	3.764800000000000276e-14
5.949721499999999651e+03	3.744880000000000220e-14
5.951802800000000389e+03	3.738820000000000118e-14
5.953884200000000419e+03	3.729329999999999721e-14
5.955965500000000247e+03	3.706190000000000059e-14
5.958046900000000278e+03	3.689979999999999742e-14
5.960128300000000309e+03	3.697599999999999815e-14
5.962209600000000137e+03	3.688219999999999808e-14
5.964291000000000167e+03	3.675480000000000157e-14
5.966372400000000198e+03	3.659409999999999878e-14
5.968453700000000026e+03	3.646769999999999894e-14
5.970535100000000057e+03	3.637519999999999832e-14
5.972616399999999885e+03	3.651760000000000158e-14
5.974697799999999916e+03	3.669440000000000241e-14
5.976779199999999946e+03	3.677030000000000035e-14
5.978860499999999774e+03	3.664330000000000124e-14
5.980941899999999805e+03	3.668529999999999995e-14
5.983023299999999836e+03	3.686300000000000282e-14
5.985104599999999664e+03	3.700739999999999941e-14
5.987185999999999694e+03	3.681169999999999980e-14
5.989267300000000432e+03	3.651610000000000028e-14
5.991348699999999553e+03	3.645710000000000149e-14
5.993430099999999584e+03	3.649899999999999927e-14
5.995511400000000322e+03	3.644010000000000141e-14
5.997592800000000352e+03	3.588210000000000141e-14
5.999674200000000383e+03	3.556120000000000048e-14
6.001755500000000211e+03	3.543849999999999712e-14
6.003836900000000242e+03	3.531619999999999748e-14
6.005918200000000070e+03	3.500039999999999973e-14
6.007999600000000100e+03	3.497610000000000129e-14
6.010081000000000131e+03	3.508090000000000252e-14
6.012162299999999959e+03	3.515360000000000230e-14
6.014243699999999990e+03	3.522649999999999762e-14
6.016324999999999818e+03	3.520209999999999825e-14
6.018406399999999849e+03	3.514540000000000189e-14
6.020487799999999879e+03	3.508880000000000014e-14
6.022569099999999708e+03	3.500000000000000233e-14
6.024650499999999738e+03	3.462330000000000076e-14
6.026731899999999769e+03	3.425059999999999847e-14
6.028813199999999597e+03	3.410109999999999870e-14
6.030894599999999627e+03	3.436120000000000307e-14
6.032975900000000365e+03	3.443250000000000247e-14
6.035057300000000396e+03	3.431379999999999839e-14
6.037138700000000426e+03	3.410119999999999963e-14
6.039220000000000255e+03	3.414049999999999852e-14
6.041301400000000285e+03	3.430600000000000170e-14
6.043382800000000316e+03	3.444070000000000288e-14
6.045464100000000144e+03	3.454400000000000280e-14
6.047545500000000175e+03	3.464759999999999920e-14
6.049626800000000003e+03	3.446469999999999854e-14
6.051708200000000033e+03	3.421970000000000185e-14
6.053789600000000064e+03	3.407039999999999763e-14
6.055870899999999892e+03	3.407830000000000157e-14
6.057952299999999923e+03	3.405489999999999886e-14
6.060033699999999953e+03	3.403150000000000246e-14
6.062114999999999782e+03	3.413369999999999848e-14
6.064196399999999812e+03	3.426769999999999948e-14
6.066277699999999641e+03	3.408689999999999938e-14
6.068359099999999671e+03	3.396950000000000106e-14
6.070440499999999702e+03	3.413429999999999774e-14
6.072521800000000439e+03	3.448999999999999995e-14
6.074603199999999561e+03	3.481739999999999814e-14
6.076684599999999591e+03	3.501859999999999833e-14
6.078765900000000329e+03	3.499460000000000267e-14
6.080847300000000359e+03	3.480999999999999884e-14
6.082928600000000188e+03	3.459439999999999747e-14
6.085010000000000218e+03	3.406509999999999891e-14
6.087091400000000249e+03	3.360559999999999844e-14
6.089172700000000077e+03	3.333610000000000146e-14
6.091254100000000108e+03	3.334399999999999908e-14
6.093335500000000138e+03	3.310710000000000188e-14
6.095416799999999967e+03	3.299319999999999819e-14
6.097498199999999997e+03	3.303150000000000041e-14
6.099579499999999825e+03	3.313080000000000106e-14
6.101660899999999856e+03	3.304730000000000197e-14
6.103742299999999886e+03	3.323830000000000212e-14
6.105823599999999715e+03	3.336899999999999771e-14
6.107904999999999745e+03	3.334630000000000151e-14
6.109986299999999574e+03	3.313989999999999721e-14
6.112067699999999604e+03	3.302589999999999890e-14
6.114149099999999635e+03	3.306430000000000205e-14
6.116230400000000373e+03	3.319429999999999746e-14
6.118311800000000403e+03	3.301930000000000073e-14
6.120393200000000434e+03	3.242449999999999982e-14
6.122474500000000262e+03	3.219420000000000079e-14
6.124555900000000292e+03	3.232080000000000249e-14
6.126637200000000121e+03	3.253769999999999700e-14
6.128718600000000151e+03	3.290730000000000206e-14
6.130800000000000182e+03	3.297600000000000257e-14
6.132881300000000010e+03	3.274179999999999888e-14
6.134962700000000041e+03	3.215200000000000022e-14
6.137044100000000071e+03	3.168930000000000160e-14
6.139125399999999900e+03	3.155140000000000226e-14
6.141206799999999930e+03	3.161730000000000201e-14
6.143288099999999758e+03	3.168330000000000268e-14
6.145369499999999789e+03	3.169099999999999845e-14
6.147450899999999820e+03	3.181570000000000144e-14
6.149532199999999648e+03	3.208840000000000290e-14
6.151613599999999678e+03	3.236340000000000046e-14
6.153694999999999709e+03	3.255069999999999781e-14
6.155776300000000447e+03	3.237920000000000202e-14
6.157857699999999568e+03	3.217899999999999849e-14
6.159939000000000306e+03	3.203899999999999858e-14
6.162020400000000336e+03	3.192899999999999956e-14
6.164101800000000367e+03	3.187810000000000025e-14
6.166183100000000195e+03	3.194470000000000019e-14
6.168264500000000226e+03	3.195259999999999781e-14
6.170345900000000256e+03	3.175499999999999949e-14
6.172427200000000084e+03	3.135589999999999819e-14
6.174508600000000115e+03	3.119079999999999873e-14
6.176589899999999943e+03	3.131369999999999763e-14
6.178671299999999974e+03	3.169870000000000053e-14
6.180752700000000004e+03	3.199990000000000156e-14
6.182833999999999833e+03	3.227429999999999986e-14
6.184915399999999863e+03	3.249109999999999976e-14
6.186996699999999691e+03	3.252909999999999919e-14
6.189078099999999722e+03	3.203170000000000022e-14
6.191159499999999753e+03	3.171669999999999727e-14
6.193240799999999581e+03	3.157879999999999793e-14
6.195322199999999611e+03	3.161580000000000070e-14
6.197403599999999642e+03	3.176960000000000253e-14
6.199484900000000380e+03	3.186549999999999685e-14
6.201566300000000410e+03	3.187340000000000078e-14
6.203647600000000239e+03	3.191080000000000096e-14
6.205729000000000269e+03	3.212519999999999750e-14
6.207810400000000300e+03	3.207410000000000265e-14
6.209891700000000128e+03	3.181729999999999737e-14
6.211973100000000159e+03	3.135970000000000192e-14
6.214054500000000189e+03	3.076669999999999880e-14
6.216135800000000017e+03	3.035219999999999965e-14
6.218217200000000048e+03	3.019260000000000077e-14
6.220298499999999876e+03	3.020020000000000192e-14
6.222379899999999907e+03	3.040319999999999989e-14
6.224461299999999937e+03	3.083389999999999799e-14
6.226542599999999766e+03	3.095549999999999745e-14
6.228623999999999796e+03	3.073599999999999772e-14
6.230705399999999827e+03	3.023830000000000228e-14
6.232786699999999655e+03	3.027379999999999743e-14
6.234868099999999686e+03	3.058979999999999705e-14
6.236949400000000423e+03	3.073879999999999848e-14
6.239030800000000454e+03	3.063359999999999985e-14
6.241112199999999575e+03	3.030449999999999850e-14
6.243193500000000313e+03	2.989630000000000106e-14
6.245274900000000343e+03	2.952079999999999802e-14
6.247356300000000374e+03	2.925760000000000273e-14
6.249437600000000202e+03	2.910380000000000090e-14
6.251519000000000233e+03	2.905770000000000199e-14
6.253600300000000061e+03	2.925309999999999881e-14
6.255681700000000092e+03	2.958570000000000110e-14
6.257763100000000122e+03	2.997740000000000311e-14
6.259844399999999951e+03	2.987479999999999706e-14
6.261925799999999981e+03	2.966299999999999942e-14
6.264007200000000012e+03	2.947999999999999783e-14
6.266088499999999840e+03	2.937910000000000125e-14
6.268169899999999870e+03	2.927860000000000209e-14
6.270251199999999699e+03	2.909790000000000292e-14
6.272332599999999729e+03	2.886509999999999961e-14
6.274413999999999760e+03	2.863420000000000132e-14
6.276495299999999588e+03	2.837900000000000143e-14
6.278576699999999619e+03	2.830799999999999850e-14
6.280658000000000357e+03	2.834139999999999940e-14
6.282739400000000387e+03	2.845340000000000122e-14
6.284820800000000418e+03	2.859210000000000168e-14
6.286902100000000246e+03	2.865219999999999806e-14
6.288983500000000276e+03	2.860690000000000026e-14
6.291064900000000307e+03	2.858800000000000148e-14
6.293146200000000135e+03	2.872740000000000212e-14
6.295227600000000166e+03	2.900070000000000284e-14
6.297308899999999994e+03	2.930360000000000072e-14
6.299390300000000025e+03	2.960970000000000307e-14
6.301471700000000055e+03	2.975420000000000059e-14
6.303552999999999884e+03	2.921870000000000125e-14
6.305634399999999914e+03	2.874580000000000258e-14
6.307715799999999945e+03	2.859480000000000151e-14
6.309797099999999773e+03	2.881380000000000290e-14
6.311878499999999804e+03	2.933020000000000158e-14
6.313959799999999632e+03	2.944609999999999860e-14
6.316041199999999662e+03	2.921070000000000270e-14
6.318122599999999693e+03	2.879089999999999852e-14
6.320203900000000431e+03	2.874549999999999979e-14
6.322285299999999552e+03	2.907260000000000150e-14
6.324366699999999582e+03	2.924139999999999746e-14
6.326448000000000320e+03	2.911470000000000114e-14
6.328529400000000351e+03	2.856449999999999784e-14
6.330610700000000179e+03	2.844069999999999689e-14
6.332692100000000210e+03	2.844819999999999711e-14
6.334773500000000240e+03	2.848190000000000080e-14
6.336854800000000068e+03	2.841080000000000009e-14
6.338936200000000099e+03	2.862849999999999888e-14
6.341017600000000130e+03	2.892770000000000027e-14
6.343098899999999958e+03	2.920310000000000155e-14
6.345180299999999988e+03	2.939979999999999782e-14
6.347261599999999817e+03	2.938050000000000163e-14
6.349342999999999847e+03	2.928019999999999801e-14
6.351424399999999878e+03	2.915340000000000076e-14
6.353505699999999706e+03	2.902720000000000277e-14
6.355587099999999737e+03	2.887490000000000225e-14
6.357668499999999767e+03	2.867049999999999759e-14
6.359749799999999595e+03	2.849389999999999862e-14
6.361831199999999626e+03	2.839669999999999854e-14
6.363912500000000364e+03	2.848280000000000284e-14
6.365993900000000394e+03	2.854300000000000015e-14
6.368075300000000425e+03	2.855060000000000130e-14
6.370156600000000253e+03	2.850570000000000091e-14
6.372238000000000284e+03	2.846080000000000051e-14
6.374319300000000112e+03	2.825949999999999939e-14
6.376400700000000143e+03	2.808540000000000155e-14
6.378482100000000173e+03	2.793810000000000012e-14
6.380563400000000001e+03	2.789419999999999955e-14
6.382644800000000032e+03	2.777349999999999899e-14
6.384726200000000063e+03	2.780649999999999933e-14
6.386807499999999891e+03	2.796819999999999878e-14
6.388888899999999921e+03	2.818259999999999848e-14
6.390970199999999750e+03	2.790599999999999868e-14
6.393051599999999780e+03	2.788790000000000101e-14
6.395132999999999811e+03	2.797259999999999861e-14
6.397214299999999639e+03	2.808339999999999876e-14
6.399295699999999670e+03	2.803929999999999948e-14
6.401377099999999700e+03	2.786669999999999979e-14
6.403458400000000438e+03	2.772060000000000004e-14
6.405539799999999559e+03	2.762609999999999979e-14
6.407621100000000297e+03	2.763360000000000001e-14
6.409702500000000327e+03	2.764110000000000023e-14
6.411783900000000358e+03	2.757239999999999972e-14
6.413865200000000186e+03	2.752910000000000156e-14
6.415946600000000217e+03	2.768919999999999878e-14
6.418028000000000247e+03	2.782460000000000015e-14
6.420109300000000076e+03	2.783220000000000130e-14
6.422190700000000106e+03	2.773740000000000142e-14
6.424271999999999935e+03	2.761749999999999882e-14
6.426353399999999965e+03	2.747279999999999945e-14
6.428434799999999996e+03	2.727850000000000021e-14
6.430516099999999824e+03	2.718569999999999997e-14
6.432597499999999854e+03	2.731860000000000021e-14
6.434678899999999885e+03	2.740169999999999874e-14
6.436760199999999713e+03	2.728330000000000061e-14
6.438841599999999744e+03	2.711540000000000038e-14
6.440922899999999572e+03	2.699820000000000077e-14
6.443004299999999603e+03	2.708040000000000041e-14
6.445085699999999633e+03	2.726300000000000144e-14
6.447167000000000371e+03	2.739640000000000002e-14
6.449248400000000402e+03	2.737869999999999975e-14
6.451329700000000230e+03	2.718519999999999848e-14
6.453411100000000260e+03	2.711769999999999965e-14
6.455492500000000291e+03	2.715019999999999850e-14
6.457573800000000119e+03	2.728300000000000098e-14
6.459655200000000150e+03	2.731569999999999853e-14
6.461736600000000180e+03	2.709770000000000012e-14
6.463817900000000009e+03	2.680730000000000155e-14
6.465899300000000039e+03	2.659340000000000018e-14
6.467980599999999868e+03	2.667440000000000130e-14
6.470061999999999898e+03	2.685440000000000028e-14
6.472143399999999929e+03	2.686179999999999958e-14
6.474224699999999757e+03	2.672120000000000041e-14
6.476306099999999788e+03	2.650799999999999923e-14
6.478387499999999818e+03	2.641789999999999881e-14
6.480468799999999646e+03	2.630379999999999958e-14
6.482550199999999677e+03	2.621439999999999935e-14
6.484631500000000415e+03	2.619760000000000113e-14
6.486712900000000445e+03	2.618079999999999975e-14
6.488794299999999566e+03	2.606780000000000127e-14
6.490875600000000304e+03	2.600310000000000004e-14
6.492957000000000335e+03	2.596249999999999855e-14
6.495038400000000365e+03	2.594589999999999903e-14
6.497119700000000194e+03	2.585770000000000048e-14
6.499201100000000224e+03	2.572240000000000003e-14
6.501282400000000052e+03	2.561140000000000119e-14
6.503363800000000083e+03	2.561859999999999862e-14
6.505445200000000114e+03	2.572040000000000040e-14
6.507526499999999942e+03	2.582259999999999957e-14
6.509607899999999972e+03	2.580610000000000098e-14
6.511689300000000003e+03	2.567110000000000017e-14
6.513770599999999831e+03	2.558390000000000143e-14
6.515851999999999862e+03	2.559109999999999887e-14
6.517933299999999690e+03	2.564549999999999912e-14
6.520014699999999721e+03	2.558199999999999957e-14
6.522096099999999751e+03	2.537799999999999862e-14
6.524177399999999579e+03	2.526850000000000108e-14
6.526258799999999610e+03	2.536900000000000025e-14
6.528340199999999641e+03	2.563459999999999888e-14
6.530421500000000378e+03	2.583150000000000017e-14
6.532502900000000409e+03	2.583879999999999853e-14
6.534584200000000237e+03	2.570369999999999995e-14
6.536665600000000268e+03	2.547529999999999963e-14
6.538747000000000298e+03	2.522570000000000125e-14
6.540828300000000127e+03	2.504760000000000098e-14
6.542909700000000157e+03	2.498559999999999958e-14
6.544990999999999985e+03	2.499269999999999924e-14
6.547072400000000016e+03	2.474780000000000033e-14
6.549153800000000047e+03	2.414689999999999958e-14
6.551235099999999875e+03	2.356050000000000094e-14
6.553316499999999905e+03	2.313710000000000119e-14
6.555397899999999936e+03	2.291040000000000088e-14
6.557479199999999764e+03	2.249869999999999934e-14
6.559560599999999795e+03	2.209440000000000025e-14
6.561641899999999623e+03	2.183769999999999905e-14
6.563723299999999654e+03	2.190439999999999992e-14
6.565804699999999684e+03	2.207270000000000070e-14
6.567886000000000422e+03	2.253099999999999949e-14
6.569967400000000453e+03	2.314760000000000087e-14
6.572048799999999574e+03	2.378100000000000048e-14
6.574130100000000311e+03	2.418550000000000143e-14
6.576211500000000342e+03	2.439380000000000128e-14
6.578292800000000170e+03	2.444589999999999911e-14
6.580374200000000201e+03	2.438539999999999902e-14
6.582455600000000231e+03	2.441490000000000157e-14
6.584536900000000060e+03	2.451209999999999849e-14
6.586618300000000090e+03	2.460969999999999913e-14
6.588699700000000121e+03	2.470770000000000033e-14
6.590780999999999949e+03	2.485180000000000044e-14
6.592862399999999980e+03	2.497369999999999952e-14
6.594943699999999808e+03	2.505009999999999895e-14
6.597025099999999838e+03	2.512670000000000023e-14
6.599106499999999869e+03	2.524999999999999969e-14
6.601187799999999697e+03	2.504879999999999950e-14
6.603269199999999728e+03	2.471229999999999887e-14
6.605350599999999758e+03	2.438029999999999899e-14
6.607431899999999587e+03	2.418610000000000069e-14
6.609513299999999617e+03	2.426009999999999992e-14
6.611594600000000355e+03	2.453690000000000158e-14
6.613676000000000386e+03	2.490839999999999903e-14
6.615757400000000416e+03	2.526230000000000031e-14
6.617838700000000244e+03	2.536290000000000040e-14
6.619920100000000275e+03	2.539369999999999925e-14
6.622001400000000103e+03	2.547140000000000128e-14
6.624082800000000134e+03	2.557290000000000027e-14
6.626164200000000164e+03	2.572210000000000040e-14
6.628245499999999993e+03	2.561149999999999896e-14
6.630326900000000023e+03	2.538409999999999846e-14
6.632408300000000054e+03	2.506620000000000014e-14
6.634489599999999882e+03	2.475239999999999887e-14
6.636570999999999913e+03	2.453259999999999951e-14
6.638652299999999741e+03	2.442710000000000125e-14
6.640733699999999772e+03	2.441180000000000118e-14
6.642815099999999802e+03	2.437400000000000045e-14
6.644896399999999630e+03	2.440369999999999854e-14
6.646977799999999661e+03	2.434350000000000123e-14
6.649059199999999691e+03	2.423880000000000093e-14
6.651140500000000429e+03	2.417909999999999880e-14
6.653221899999999550e+03	2.450010000000000066e-14
6.655303200000000288e+03	2.487120000000000072e-14
6.657384600000000319e+03	2.501639999999999842e-14
6.659466000000000349e+03	2.472589999999999893e-14
6.661547300000000178e+03	2.417029999999999913e-14
6.663628700000000208e+03	2.384569999999999855e-14
6.665710100000000239e+03	2.367770000000000055e-14
6.667791400000000067e+03	2.364110000000000150e-14
6.669872800000000097e+03	2.371349999999999849e-14
6.671954099999999926e+03	2.374239999999999863e-14
6.674035499999999956e+03	2.359690000000000129e-14
6.676116899999999987e+03	2.336599999999999985e-14
6.678198199999999815e+03	2.309469999999999877e-14
6.680279599999999846e+03	2.295320000000000071e-14
6.682360999999999876e+03	2.298119999999999880e-14
6.684442299999999705e+03	2.313670000000000064e-14
6.686523699999999735e+03	2.342239999999999974e-14
6.688604999999999563e+03	2.360260000000000057e-14
6.690686399999999594e+03	2.389409999999999989e-14
6.692767799999999625e+03	2.418910000000000015e-14
6.694849100000000362e+03	2.437529999999999990e-14
6.696930500000000393e+03	2.445010000000000024e-14
6.699011900000000423e+03	2.441240000000000044e-14
6.701093200000000252e+03	2.430750000000000144e-14
6.703174600000000282e+03	2.418079999999999881e-14
6.705255900000000111e+03	2.414349999999999956e-14
6.707337300000000141e+03	2.399559999999999887e-14
6.709418700000000172e+03	2.380469999999999966e-14
6.711500000000000000e+03	2.368059999999999908e-14
6.713581400000000031e+03	2.368769999999999874e-14
6.715662699999999859e+03	2.382620000000000050e-14
6.717744099999999889e+03	2.392130000000000001e-14
6.719825499999999920e+03	2.395060000000000071e-14
6.721906799999999748e+03	2.402409999999999845e-14
6.723988199999999779e+03	2.409780000000000121e-14
6.726069599999999809e+03	2.401650000000000046e-14
6.728150899999999638e+03	2.391330000000000146e-14
6.730232299999999668e+03	2.403099999999999941e-14
6.732313600000000406e+03	2.412700000000000097e-14
6.734395000000000437e+03	2.406769999999999940e-14
6.736476399999999558e+03	2.392030000000000020e-14
6.738557700000000295e+03	2.379570000000000129e-14
6.740639100000000326e+03	2.378100000000000048e-14
6.742720500000000357e+03	2.381009999999999931e-14
6.744801800000000185e+03	2.383929999999999908e-14
6.746883200000000215e+03	2.384649999999999967e-14
6.748964500000000044e+03	2.385380000000000119e-14
6.751045900000000074e+03	2.383910000000000037e-14
6.753127300000000105e+03	2.380250000000000132e-14
6.755208599999999933e+03	2.367849999999999851e-14
6.757289999999999964e+03	2.349020000000000135e-14
6.759371399999999994e+03	2.332490000000000003e-14
6.761452699999999822e+03	2.322480000000000142e-14
6.763534099999999853e+03	2.318910000000000125e-14
6.765615399999999681e+03	2.330330000000000141e-14
6.767696799999999712e+03	2.354779999999999976e-14
6.769778199999999742e+03	2.375099999999999959e-14
6.771859499999999571e+03	2.375830000000000111e-14
6.773940899999999601e+03	2.352599999999999929e-14
6.776022299999999632e+03	2.333900000000000158e-14
6.778103600000000370e+03	2.334610000000000124e-14
6.780185000000000400e+03	2.339640000000000129e-14
6.782266300000000228e+03	2.336049999999999926e-14
6.784347700000000259e+03	2.306829999999999976e-14
6.786429100000000290e+03	2.284280000000000113e-14
6.788510400000000118e+03	2.280780000000000115e-14
6.790591800000000148e+03	2.306829999999999976e-14
6.792673099999999977e+03	2.348279999999999890e-14
6.794754500000000007e+03	2.366380000000000086e-14
6.796835900000000038e+03	2.360579999999999873e-14
6.798917199999999866e+03	2.331049999999999885e-14
6.800998599999999897e+03	2.287109999999999884e-14
6.803079999999999927e+03	2.268929999999999893e-14
6.805161299999999756e+03	2.280100000000000112e-14
6.807242699999999786e+03	2.306160000000000066e-14
6.809323999999999614e+03	2.326070000000000028e-14
6.811405399999999645e+03	2.303340000000000071e-14
6.813486799999999675e+03	2.274539999999999919e-14
6.815568100000000413e+03	2.264789999999999948e-14
6.817649500000000444e+03	2.301240000000000136e-14
6.819730899999999565e+03	2.353409999999999877e-14
6.821812200000000303e+03	2.367179999999999941e-14
6.823893600000000333e+03	2.350540000000000049e-14
6.825974900000000162e+03	2.312610000000000003e-14
6.828056300000000192e+03	2.279490000000000127e-14
6.830137700000000223e+03	2.269719999999999971e-14
6.832219000000000051e+03	2.283009999999999995e-14
6.834300400000000081e+03	2.309099999999999912e-14
6.836381800000000112e+03	2.326909999999999940e-14
6.838463099999999940e+03	2.325490000000000007e-14
6.840544499999999971e+03	2.319799999999999869e-14
6.842625799999999799e+03	2.316250000000000038e-14
6.844707199999999830e+03	2.327670000000000054e-14
6.846788599999999860e+03	2.356450000000000021e-14
6.848869899999999689e+03	2.374619999999999920e-14
6.850951299999999719e+03	2.379740000000000129e-14
6.853032699999999750e+03	2.367370000000000128e-14
6.855113999999999578e+03	2.333469999999999951e-14
6.857195399999999609e+03	2.293709999999999952e-14
6.859276700000000346e+03	2.240140000000000149e-14
6.861358100000000377e+03	2.163770000000000054e-14
6.863439500000000407e+03	2.046200000000000157e-14
6.865520800000000236e+03	1.942159999999999989e-14
6.867602200000000266e+03	1.862180000000000137e-14
6.869683600000000297e+03	1.811999999999999940e-14
6.871764900000000125e+03	1.784409999999999979e-14
6.873846300000000156e+03	1.813140000000000113e-14
6.875927599999999984e+03	1.878320000000000119e-14
6.878009000000000015e+03	1.963839999999999978e-14
6.880090400000000045e+03	2.012070000000000054e-14
6.882171699999999873e+03	2.020139999999999887e-14
6.884253099999999904e+03	2.002250000000000064e-14
6.886334399999999732e+03	1.971770000000000089e-14
6.888415799999999763e+03	1.954310000000000156e-14
6.890497199999999793e+03	1.940580000000000148e-14
6.892578499999999622e+03	1.937620000000000116e-14
6.894659899999999652e+03	1.947179999999999901e-14
6.896741299999999683e+03	1.965820000000000061e-14
6.898822600000000421e+03	1.991960000000000127e-14
6.900904000000000451e+03	2.022179999999999897e-14
6.902985300000000279e+03	2.050959999999999863e-14
6.905066700000000310e+03	2.064890000000000151e-14
6.907148100000000341e+03	2.073170000000000041e-14
6.909229400000000169e+03	2.093020000000000077e-14
6.911310800000000199e+03	2.118899999999999938e-14
6.913392200000000230e+03	2.139189999999999958e-14
6.915473500000000058e+03	2.135929999999999980e-14
6.917554900000000089e+03	2.138579999999999974e-14
6.919636199999999917e+03	2.137300000000000079e-14
6.921717599999999948e+03	2.130119999999999990e-14
6.923798999999999978e+03	2.119059999999999846e-14
6.925880299999999806e+03	2.123640000000000090e-14
6.927961699999999837e+03	2.136099999999999981e-14
6.930043099999999868e+03	2.148620000000000113e-14
6.932124399999999696e+03	2.157240000000000005e-14
6.934205799999999726e+03	2.134219999999999879e-14
6.936287099999999555e+03	2.115329999999999921e-14
6.938368499999999585e+03	2.117960000000000045e-14
6.940449899999999616e+03	2.152069999999999962e-14
6.942531200000000354e+03	2.180700000000000114e-14
6.944612600000000384e+03	2.197529999999999876e-14
6.946694000000000415e+03	2.198239999999999843e-14
6.948775300000000243e+03	2.182810000000000142e-14
6.950856700000000274e+03	2.177479999999999876e-14
6.952938000000000102e+03	2.164189999999999851e-14
6.955019400000000132e+03	2.148990000000000078e-14
6.957100800000000163e+03	2.141780000000000026e-14
6.959182099999999991e+03	2.186330000000000010e-14
6.961263500000000022e+03	2.229749999999999915e-14
6.963344900000000052e+03	2.242829999999999883e-14
6.965426199999999881e+03	2.212770000000000021e-14
6.967507599999999911e+03	2.163100000000000143e-14
6.969588899999999740e+03	2.159819999999999980e-14
6.971670299999999770e+03	2.172489999999999927e-14
6.973751699999999801e+03	2.183229999999999940e-14
6.975832999999999629e+03	2.167899999999999906e-14
6.977914399999999659e+03	2.152679999999999946e-14
6.979995700000000397e+03	2.143490000000000126e-14
6.982077100000000428e+03	2.138269999999999935e-14
6.984158499999999549e+03	2.135030000000000143e-14
6.986239800000000287e+03	2.139659999999999904e-14
6.988321200000000317e+03	2.148259999999999926e-14
6.990402600000000348e+03	2.154900000000000049e-14
6.992483900000000176e+03	2.151640000000000071e-14
6.994565300000000207e+03	2.154320000000000028e-14
6.996646600000000035e+03	2.157010000000000078e-14
6.998728000000000065e+03	2.159700000000000127e-14
7.000809400000000096e+03	2.162399999999999954e-14
7.002890699999999924e+03	2.171089999999999865e-14
7.004972099999999955e+03	2.183830000000000147e-14
7.007053499999999985e+03	2.184540000000000113e-14
7.009134799999999814e+03	2.167219999999999903e-14
7.011216199999999844e+03	2.130319999999999954e-14
7.013297499999999673e+03	2.107589999999999997e-14
7.015378899999999703e+03	2.100530000000000075e-14
7.017460299999999734e+03	2.108979999999999966e-14
7.019541599999999562e+03	2.127229999999999977e-14
7.021622999999999593e+03	2.137750000000000155e-14
7.023704399999999623e+03	2.134510000000000047e-14
7.025785700000000361e+03	2.121490000000000006e-14
7.027867100000000391e+03	2.094999999999999845e-14
7.029948400000000220e+03	2.080310000000000074e-14
7.032029800000000250e+03	2.069519999999999912e-14
7.034111200000000281e+03	2.060689999999999964e-14
7.036192500000000109e+03	2.046239999999999897e-14
7.038273900000000140e+03	2.052580000000000075e-14
7.040355300000000170e+03	2.083729999999999960e-14
7.042436599999999999e+03	2.111470000000000052e-14
7.044518000000000029e+03	2.123880000000000109e-14
7.046599299999999857e+03	2.114819999999999919e-14
7.048680699999999888e+03	2.115510000000000015e-14
7.050762099999999919e+03	2.122070000000000027e-14
7.052843399999999747e+03	2.126679999999999918e-14
7.054924799999999777e+03	2.111769999999999997e-14
7.057006099999999606e+03	2.102759999999999956e-14
7.059087499999999636e+03	2.089939999999999877e-14
7.061168899999999667e+03	2.069559999999999968e-14
7.063250200000000405e+03	2.036209999999999850e-14
7.065331600000000435e+03	2.021930000000000100e-14
7.067412999999999556e+03	2.024470000000000019e-14
7.069494300000000294e+03	2.034489999999999972e-14
7.071575700000000325e+03	2.044560000000000075e-14
7.073657000000000153e+03	2.043349999999999884e-14
7.075738400000000183e+03	2.049690000000000062e-14
7.077819800000000214e+03	2.061730000000000155e-14
7.079901100000000042e+03	2.079590000000000015e-14
7.081982500000000073e+03	2.099529999999999941e-14
7.084063900000000103e+03	2.117709999999999932e-14
7.086145199999999932e+03	2.130160000000000046e-14
7.088226599999999962e+03	2.126949999999999901e-14
7.090307899999999790e+03	2.088819999999999891e-14
7.092389299999999821e+03	2.053269999999999855e-14
7.094470699999999852e+03	2.036999999999999928e-14
7.096551999999999680e+03	2.043319999999999921e-14
7.098633399999999710e+03	2.061019999999999873e-14
7.100714799999999741e+03	2.076959999999999891e-14
7.102796099999999569e+03	2.094950000000000012e-14
7.104877499999999600e+03	2.107260000000000088e-14
7.106958800000000338e+03	2.107970000000000054e-14
7.109040200000000368e+03	2.091269999999999921e-14
7.111121600000000399e+03	2.074700000000000048e-14
7.113202900000000227e+03	2.060160000000000092e-14
7.115284300000000258e+03	2.049499999999999875e-14
7.117365700000000288e+03	2.052070000000000073e-14
7.119447000000000116e+03	2.058439999999999898e-14
7.121528400000000147e+03	2.062929999999999937e-14
7.123609699999999975e+03	2.061730000000000155e-14
7.125691100000000006e+03	2.064319999999999907e-14
7.127772500000000036e+03	2.061220000000000152e-14
7.129853799999999865e+03	2.046779999999999862e-14
7.131935199999999895e+03	2.017519999999999856e-14
7.134016599999999926e+03	2.007070000000000012e-14
7.136097899999999754e+03	2.028199999999999943e-14
7.138179299999999785e+03	2.045769999999999951e-14
7.140260599999999613e+03	2.048349999999999925e-14
7.142341999999999643e+03	2.022789999999999881e-14
7.144423399999999674e+03	1.992039999999999924e-14
7.146504700000000412e+03	1.974439999999999953e-14
7.148586100000000442e+03	1.976930000000000039e-14
7.150667400000000271e+03	1.997740000000000154e-14
7.152748800000000301e+03	2.007639999999999940e-14
7.154830200000000332e+03	2.004619999999999982e-14
7.156911500000000160e+03	1.988749999999999982e-14
7.158992900000000191e+03	1.951319999999999846e-14
7.161074300000000221e+03	1.902280000000000137e-14
7.163155600000000049e+03	1.868199999999999868e-14
7.165237000000000080e+03	1.849989999999999913e-14
7.167318299999999908e+03	1.845520000000000059e-14
7.169399699999999939e+03	1.837659999999999967e-14
7.171481099999999969e+03	1.816409999999999868e-14
7.173562399999999798e+03	1.792100000000000071e-14
7.175643799999999828e+03	1.774640000000000138e-14
7.177725199999999859e+03	1.760589999999999998e-14
7.179806499999999687e+03	1.740229999999999959e-14
7.181887899999999718e+03	1.721690000000000096e-14
7.183969199999999546e+03	1.711209999999999973e-14
7.186050599999999577e+03	1.729219999999999964e-14
7.188131999999999607e+03	1.761969999999999875e-14
7.190213300000000345e+03	1.778890000000000158e-14
7.192294700000000375e+03	1.772949999999999907e-14
7.194376100000000406e+03	1.745999999999999893e-14
7.196457400000000234e+03	1.733780000000000022e-14
7.198538800000000265e+03	1.740780000000000018e-14
7.200620100000000093e+03	1.759110000000000140e-14
7.202701500000000124e+03	1.779269999999999900e-14
7.204782900000000154e+03	1.773329999999999965e-14
7.206864199999999983e+03	1.767419999999999993e-14
7.208945600000000013e+03	1.772919999999999944e-14
7.211027000000000044e+03	1.796539999999999961e-14
7.213108299999999872e+03	1.818810000000000065e-14
7.215189699999999903e+03	1.834580000000000083e-14
7.217270999999999731e+03	1.840290000000000090e-14
7.219352399999999761e+03	1.837530000000000022e-14
7.221433799999999792e+03	1.829720000000000078e-14
7.223515099999999620e+03	1.821940000000000098e-14
7.225596499999999651e+03	1.822569999999999952e-14
7.227677800000000389e+03	1.834990000000000103e-14
7.229759200000000419e+03	1.840700000000000111e-14
7.231840600000000450e+03	1.799429999999999975e-14
7.233921900000000278e+03	1.763939999999999866e-14
7.236003300000000309e+03	1.751600000000000142e-14
7.238084700000000339e+03	1.771680000000000106e-14
7.240166000000000167e+03	1.791989999999999996e-14
7.242247400000000198e+03	1.795910000000000107e-14
7.244328700000000026e+03	1.799850000000000088e-14
7.246410100000000057e+03	1.822159999999999932e-14
7.248491500000000087e+03	1.848149999999999867e-14
7.250572799999999916e+03	1.871059999999999918e-14
7.252654199999999946e+03	1.894250000000000044e-14
7.254735599999999977e+03	1.912440000000000129e-14
7.256816899999999805e+03	1.859259999999999845e-14
7.258898299999999836e+03	1.810879999999999954e-14
7.260979599999999664e+03	1.788300000000000127e-14
7.263060999999999694e+03	1.802160000000000080e-14
7.265142399999999725e+03	1.846470000000000045e-14
7.267223699999999553e+03	1.869370000000000003e-14
7.269305099999999584e+03	1.870020000000000043e-14
7.271386499999999614e+03	1.848410000000000073e-14
7.273467800000000352e+03	1.818650000000000157e-14
7.275549200000000383e+03	1.802600000000000064e-14
7.277630500000000211e+03	1.806559999999999915e-14
7.279711900000000242e+03	1.822229999999999951e-14
7.281793300000000272e+03	1.832969999999999964e-14
7.283874600000000100e+03	1.833609999999999911e-14
7.285956000000000131e+03	1.834249999999999858e-14
7.288037400000000162e+03	1.836580000000000036e-14
7.290118699999999990e+03	1.838919999999999991e-14
7.292200100000000020e+03	1.829420000000000133e-14
7.294281399999999849e+03	1.823339999999999845e-14
7.296362799999999879e+03	1.822299999999999970e-14
7.298444199999999910e+03	1.826299999999999877e-14
7.300525499999999738e+03	1.826940000000000140e-14
7.302606899999999769e+03	1.825889999999999857e-14
7.304688299999999799e+03	1.831590000000000087e-14
7.306769599999999627e+03	1.842390000000000026e-14
7.308850999999999658e+03	1.856660000000000000e-14
7.310932300000000396e+03	1.862459999999999897e-14
7.313013700000000426e+03	1.868269999999999886e-14
7.315095099999999547e+03	1.875819999999999940e-14
7.317176400000000285e+03	1.866139999999999988e-14
7.319257800000000316e+03	1.839489999999999920e-14
7.321339100000000144e+03	1.821590000000000004e-14
7.323420500000000175e+03	1.820550000000000129e-14
7.325501900000000205e+03	1.844829999999999963e-14
7.327583200000000033e+03	1.843779999999999995e-14
7.329664600000000064e+03	1.841040000000000113e-14
7.331746000000000095e+03	1.846789999999999861e-14
7.333827299999999923e+03	1.871420000000000105e-14
7.335908699999999953e+03	1.892879999999999945e-14
7.337989999999999782e+03	1.900540000000000074e-14
7.340071399999999812e+03	1.895969999999999922e-14
7.342152799999999843e+03	1.877519999999999948e-14
7.344234099999999671e+03	1.869559999999999874e-14
7.346315499999999702e+03	1.884049999999999997e-14
7.348396899999999732e+03	1.891670000000000069e-14
7.350478199999999561e+03	1.881920000000000098e-14
7.352559599999999591e+03	1.861889999999999968e-14
7.354640900000000329e+03	1.859129999999999900e-14
7.356722300000000359e+03	1.858070000000000155e-14
7.358803700000000390e+03	1.845089999999999853e-14
7.360885000000000218e+03	1.810390000000000137e-14
7.362966400000000249e+03	1.768180000000000108e-14
7.365047800000000279e+03	1.739719999999999957e-14
7.367129100000000108e+03	1.727570000000000105e-14
7.369210500000000138e+03	1.731370000000000048e-14
7.371291799999999967e+03	1.738380000000000136e-14
7.373373199999999997e+03	1.742199999999999950e-14
7.375454600000000028e+03	1.747650000000000068e-14
7.377535899999999856e+03	1.761199999999999983e-14
7.379617299999999886e+03	1.783049999999999973e-14
7.381698699999999917e+03	1.805169999999999946e-14
7.383779999999999745e+03	1.822529999999999897e-14
7.385861399999999776e+03	1.828220000000000034e-14
7.387942699999999604e+03	1.818799999999999972e-14
7.390024099999999635e+03	1.807760000000000014e-14
7.392105499999999665e+03	1.806740000000000009e-14
7.394186800000000403e+03	1.820750000000000092e-14
7.396268200000000434e+03	1.860400000000000017e-14
7.398349599999999555e+03	1.880020000000000127e-14
7.400430900000000292e+03	1.868609999999999888e-14
7.402512300000000323e+03	1.830090000000000043e-14
7.404593600000000151e+03	1.797340000000000132e-14
7.406675000000000182e+03	1.791369999999999919e-14
7.408756400000000212e+03	1.790360000000000007e-14
7.410837700000000041e+03	1.787710000000000013e-14
7.412919100000000071e+03	1.780140000000000089e-14
7.415000399999999900e+03	1.772590000000000036e-14
7.417081799999999930e+03	1.766710000000000027e-14
7.419163199999999961e+03	1.764089999999999996e-14
7.421244499999999789e+03	1.759859999999999847e-14
7.423325899999999820e+03	1.736340000000000127e-14
7.425407299999999850e+03	1.717869999999999967e-14
7.427488599999999678e+03	1.712170000000000052e-14
7.429569999999999709e+03	1.723870000000000143e-14
7.431651300000000447e+03	1.759790000000000143e-14
7.433732699999999568e+03	1.793150000000000038e-14
7.435814099999999598e+03	1.823789999999999921e-14
7.437895400000000336e+03	1.853240000000000114e-14
7.439976800000000367e+03	1.867619999999999846e-14
7.442058200000000397e+03	1.852870000000000149e-14
7.444139500000000226e+03	1.814689999999999990e-14
7.446220900000000256e+03	1.764249999999999904e-14
7.448302200000000084e+03	1.726299999999999988e-14
7.450383600000000115e+03	1.742909999999999916e-14
7.452465000000000146e+03	1.789089999999999890e-14
7.454546299999999974e+03	1.836490000000000147e-14
7.456627700000000004e+03	1.847339999999999919e-14
7.458709100000000035e+03	1.814279999999999970e-14
7.460790399999999863e+03	1.801610000000000022e-14
7.462871799999999894e+03	1.812260000000000146e-14
7.464953099999999722e+03	1.839829999999999921e-14
7.467034499999999753e+03	1.854109999999999988e-14
7.469115899999999783e+03	1.849670000000000097e-14
7.471197199999999611e+03	1.823270000000000141e-14
7.473278599999999642e+03	1.779139999999999955e-14
7.475359999999999673e+03	1.774870000000000065e-14
7.477441300000000410e+03	1.801880000000000005e-14
7.479522700000000441e+03	1.830980000000000103e-14
7.481604000000000269e+03	1.848599999999999944e-14
7.483685400000000300e+03	1.835700000000000069e-14
7.485766800000000330e+03	1.836369999999999979e-14
7.487848100000000159e+03	1.828600000000000092e-14
7.489929500000000189e+03	1.804160000000000034e-14
7.492010800000000017e+03	1.765369999999999891e-14
7.494092200000000048e+03	1.746600000000000100e-14
7.496173600000000079e+03	1.740809999999999981e-14
7.498254899999999907e+03	1.741449999999999928e-14
7.500336299999999937e+03	1.734079999999999968e-14
7.502417699999999968e+03	1.731529999999999956e-14
7.504498999999999796e+03	1.744970000000000111e-14
7.506580399999999827e+03	1.750440000000000100e-14
7.508661699999999655e+03	1.720710000000000147e-14
7.510743099999999686e+03	1.689920000000000134e-14
7.512824499999999716e+03	1.678130000000000153e-14
7.514905800000000454e+03	1.684939999999999962e-14
7.516987199999999575e+03	1.705860000000000152e-14
7.519068599999999606e+03	1.708060000000000070e-14
7.521149900000000343e+03	1.668260000000000015e-14
7.523231300000000374e+03	1.630880000000000027e-14
7.525312600000000202e+03	1.618010000000000115e-14
7.527394000000000233e+03	1.659370000000000140e-14
7.529475400000000263e+03	1.689279999999999871e-14
7.531556700000000092e+03	1.683690000000000031e-14
7.533638100000000122e+03	1.653569999999999928e-14
7.535719500000000153e+03	1.643549999999999974e-14
7.537800799999999981e+03	1.663959999999999846e-14
7.539882200000000012e+03	1.678430000000000099e-14
7.541963499999999840e+03	1.682140000000000153e-14
7.544044899999999870e+03	1.665799999999999892e-14
7.546126299999999901e+03	1.642040000000000153e-14
7.548207599999999729e+03	1.627590000000000086e-14
7.550288999999999760e+03	1.625189999999999889e-14
7.552370399999999790e+03	1.637820000000000096e-14
7.554451699999999619e+03	1.629390000000000075e-14
7.556533099999999649e+03	1.643560000000000067e-14
7.558614400000000387e+03	1.673200000000000130e-14
7.560695800000000418e+03	1.711229999999999843e-14
7.562777200000000448e+03	1.727700000000000050e-14
7.564858500000000276e+03	1.725160000000000131e-14
7.566939900000000307e+03	1.719459999999999900e-14
7.569021300000000338e+03	1.715349999999999918e-14
7.571102600000000166e+03	1.701819999999999874e-14
7.573184000000000196e+03	1.674460000000000155e-14
7.575265300000000025e+03	1.650579999999999933e-14
7.577346700000000055e+03	1.636050000000000069e-14
7.579428100000000086e+03	1.645730000000000021e-14
7.581509399999999914e+03	1.643309999999999954e-14
7.583590799999999945e+03	1.627350000000000066e-14
7.585672099999999773e+03	1.586510000000000136e-14
7.587753499999999804e+03	1.505930000000000077e-14
7.589834899999999834e+03	1.370150000000000067e-14
7.591916199999999662e+03	1.222730000000000050e-14
7.593997599999999693e+03	1.076190000000000000e-14
7.596078999999999724e+03	9.428720000000000692e-15
7.598160299999999552e+03	7.896140000000000547e-15
7.600241699999999582e+03	6.698489999999999713e-15
7.602323000000000320e+03	5.928420000000000198e-15
7.604404400000000351e+03	5.585999999999999655e-15
7.606485800000000381e+03	5.686739999999999790e-15
7.608567100000000210e+03	6.174839999999999970e-15
7.610648500000000240e+03	6.975709999999999907e-15
7.612729900000000271e+03	8.056579999999999660e-15
7.614811200000000099e+03	9.253660000000000565e-15
7.616892600000000130e+03	1.009429999999999996e-14
7.618973899999999958e+03	1.051570000000000007e-14
7.621055299999999988e+03	1.049060000000000051e-14
7.623136700000000019e+03	1.007779999999999979e-14
7.625217999999999847e+03	9.618939999999999275e-15
7.627299399999999878e+03	9.265949999999999824e-15
7.629380799999999908e+03	9.016810000000000671e-15
7.631462099999999737e+03	8.847410000000000719e-15
7.633543499999999767e+03	8.810070000000000786e-15
7.635624799999999595e+03	8.927760000000000535e-15
7.637706199999999626e+03	9.223710000000000148e-15
7.639787599999999657e+03	9.715590000000000559e-15
7.641868900000000394e+03	1.031889999999999971e-14
7.643950300000000425e+03	1.072989999999999948e-14
7.646031699999999546e+03	1.103469999999999923e-14
7.648113000000000284e+03	1.130639999999999929e-14
7.650194400000000314e+03	1.177840000000000064e-14
7.652275700000000143e+03	1.225890000000000047e-14
7.654357100000000173e+03	1.270030000000000010e-14
7.656438500000000204e+03	1.310930000000000024e-14
7.658519800000000032e+03	1.354380000000000050e-14
7.660601200000000063e+03	1.371220000000000063e-14
7.662682499999999891e+03	1.366689999999999968e-14
7.664763899999999921e+03	1.355919999999999992e-14
7.666845299999999952e+03	1.380380000000000078e-14
7.668926599999999780e+03	1.415670000000000066e-14
7.671007999999999811e+03	1.438559999999999931e-14
7.673089399999999841e+03	1.456439999999999977e-14
7.675170699999999670e+03	1.477259999999999869e-14
7.677252099999999700e+03	1.505290000000000130e-14
7.679333400000000438e+03	1.514199999999999874e-14
7.681414799999999559e+03	1.507819999999999956e-14
7.683496199999999590e+03	1.493190000000000110e-14
7.685577500000000327e+03	1.506189999999999967e-14
7.687658900000000358e+03	1.529129999999999981e-14
7.689740300000000389e+03	1.555280000000000139e-14
7.691821600000000217e+03	1.577509999999999871e-14
7.693903000000000247e+03	1.595650000000000123e-14
7.695984300000000076e+03	1.600680000000000127e-14
7.698065700000000106e+03	1.596870000000000091e-14
7.700147100000000137e+03	1.590129999999999986e-14
7.702228399999999965e+03	1.602499999999999987e-14
7.704309799999999996e+03	1.631409999999999899e-14
7.706391200000000026e+03	1.642589999999999895e-14
7.708472499999999854e+03	1.620669999999999886e-14
7.710553899999999885e+03	1.555470000000000010e-14
7.712635199999999713e+03	1.519239999999999972e-14
7.714716599999999744e+03	1.511440000000000121e-14
7.716797999999999774e+03	1.521800000000000076e-14
7.718879299999999603e+03	1.540719999999999997e-14
7.720960699999999633e+03	1.594739999999999877e-14
7.723042099999999664e+03	1.635519999999999881e-14
7.725123400000000402e+03	1.652800000000000036e-14
7.727204800000000432e+03	1.638269999999999857e-14
7.729286100000000260e+03	1.603069999999999916e-14
7.731367500000000291e+03	1.577320000000000000e-14
7.733448900000000322e+03	1.553410000000000130e-14
7.735530200000000150e+03	1.528449999999999977e-14
7.737611600000000180e+03	1.490109999999999910e-14
7.739693000000000211e+03	1.462120000000000022e-14
7.741774300000000039e+03	1.465380000000000000e-14
7.743855700000000070e+03	1.500090000000000124e-14
7.745936999999999898e+03	1.535619999999999974e-14
7.748018399999999929e+03	1.557580000000000039e-14
7.750099799999999959e+03	1.568260000000000125e-14
7.752181099999999788e+03	1.568860000000000017e-14
7.754262499999999818e+03	1.566569999999999895e-14
7.756343799999999646e+03	1.572959999999999906e-14
7.758425199999999677e+03	1.567780000000000086e-14
7.760506599999999708e+03	1.564049999999999846e-14
7.762587900000000445e+03	1.579130000000000083e-14
7.764669299999999566e+03	1.610590000000000007e-14
7.766750699999999597e+03	1.596439999999999885e-14
7.768832000000000335e+03	1.552099999999999957e-14
7.770913400000000365e+03	1.496539999999999978e-14
7.772994700000000194e+03	1.509579999999999890e-14
7.775076100000000224e+03	1.532580000000000145e-14
7.777157500000000255e+03	1.541659999999999890e-14
7.779238800000000083e+03	1.528120000000000069e-14
7.781320200000000114e+03	1.509120000000000036e-14
7.783401600000000144e+03	1.506929999999999896e-14
7.785482899999999972e+03	1.510289999999999856e-14
7.787564300000000003e+03	1.510869999999999877e-14
7.789645599999999831e+03	1.504510000000000144e-14
7.791726999999999862e+03	1.492670000000000015e-14
7.793808399999999892e+03	1.485019999999999980e-14
7.795889699999999721e+03	1.482860000000000118e-14
7.797971099999999751e+03	1.480699999999999941e-14
7.800052499999999782e+03	1.470399999999999912e-14
7.802133799999999610e+03	1.485950000000000095e-14
7.804215199999999641e+03	1.505820000000000002e-14
7.806296500000000378e+03	1.502249999999999985e-14
7.808377900000000409e+03	1.468620000000000108e-14
7.810459300000000439e+03	1.458409999999999967e-14
7.812540600000000268e+03	1.465709999999999908e-14
7.814622000000000298e+03	1.486670000000000154e-14
7.816703400000000329e+03	1.519090000000000157e-14
7.818784700000000157e+03	1.559380000000000028e-14
7.820866100000000188e+03	1.570079999999999985e-14
7.822947400000000016e+03	1.539179999999999897e-14
7.825028800000000047e+03	1.486819999999999969e-14
7.827110200000000077e+03	1.498399999999999893e-14
7.829191499999999905e+03	1.503129999999999952e-14
7.831272899999999936e+03	1.483090000000000045e-14
7.833354199999999764e+03	1.452570000000000014e-14
7.835435599999999795e+03	1.447790000000000122e-14
7.837516999999999825e+03	1.471209999999999860e-14
7.839598299999999654e+03	1.508839999999999960e-14
7.841679699999999684e+03	1.534659999999999895e-14
7.843761099999999715e+03	1.493420000000000037e-14
7.845842400000000453e+03	1.451949999999999937e-14
7.847923799999999574e+03	1.415539999999999963e-14
7.850005100000000311e+03	1.388970000000000006e-14
7.852086500000000342e+03	1.372970000000000062e-14
7.854167900000000373e+03	1.391329999999999990e-14
7.856249200000000201e+03	1.422989999999999877e-14
7.858330600000000231e+03	1.450009999999999910e-14
7.860412000000000262e+03	1.484369999999999939e-14
7.862493300000000090e+03	1.500069999999999938e-14
7.864574700000000121e+03	1.496520000000000107e-14
7.866655999999999949e+03	1.477920000000000002e-14
7.868737399999999980e+03	1.462249999999999967e-14
7.870818800000000010e+03	1.462819999999999895e-14
7.872900099999999838e+03	1.466100000000000059e-14
7.874981499999999869e+03	1.459929999999999882e-14
7.877062899999999900e+03	1.431210000000000156e-14
7.879144199999999728e+03	1.441030000000000146e-14
7.881225599999999758e+03	1.469749999999999872e-14
7.883306899999999587e+03	1.494909999999999988e-14
7.885388299999999617e+03	1.477699999999999853e-14
7.887469699999999648e+03	1.430069999999999984e-14
7.889551000000000386e+03	1.401929999999999965e-14
7.891632400000000416e+03	1.399900000000000048e-14
7.893713800000000447e+03	1.430439999999999949e-14
7.895795100000000275e+03	1.432320000000000050e-14
7.897876500000000306e+03	1.423679999999999973e-14
7.899957800000000134e+03	1.425549999999999982e-14
7.902039200000000164e+03	1.452619999999999848e-14
7.904120600000000195e+03	1.450519999999999912e-14
7.906201900000000023e+03	1.476710000000000127e-14
7.908283300000000054e+03	1.525689999999999909e-14
7.910364700000000084e+03	1.586489999999999950e-14
7.912445999999999913e+03	1.622590000000000044e-14
7.914527399999999943e+03	1.606869999999999859e-14
7.916608699999999772e+03	1.578170000000000004e-14
7.918690099999999802e+03	1.548550000000000126e-14
7.920771499999999833e+03	1.522289999999999893e-14
7.922852799999999661e+03	1.501990000000000096e-14
7.924934199999999691e+03	1.506750000000000118e-14
7.927015500000000429e+03	1.522690000000000136e-14
7.929096899999999550e+03	1.516300000000000125e-14
7.931178299999999581e+03	1.498839999999999877e-14
7.933259600000000319e+03	1.498059999999999892e-14
7.935341000000000349e+03	1.502800000000000044e-14
7.937422400000000380e+03	1.496490000000000144e-14
7.939503700000000208e+03	1.483349999999999935e-14
7.941585100000000239e+03	1.485310000000000148e-14
7.943666400000000067e+03	1.487270000000000046e-14
7.945747800000000097e+03	1.476940000000000053e-14
7.947829200000000128e+03	1.457249999999999925e-14
7.949910499999999956e+03	1.397359999999999971e-14
7.951991899999999987e+03	1.326419999999999966e-14
7.954073300000000017e+03	1.266049999999999973e-14
7.956154599999999846e+03	1.279460000000000008e-14
7.958235999999999876e+03	1.315819999999999991e-14
7.960317299999999705e+03	1.345769999999999936e-14
7.962398699999999735e+03	1.357509999999999925e-14
7.964480099999999766e+03	1.330810000000000024e-14
7.966561399999999594e+03	1.326449999999999929e-14
7.968642799999999625e+03	1.352889999999999941e-14
7.970724199999999655e+03	1.390069999999999965e-14
7.972805500000000393e+03	1.404779999999999922e-14
7.974886900000000423e+03	1.413129999999999989e-14
7.976968200000000252e+03	1.426780000000000043e-14
7.979049600000000282e+03	1.427349999999999971e-14
7.981131000000000313e+03	1.395410000000000009e-14
7.983212300000000141e+03	1.397259999999999989e-14
7.985293700000000172e+03	1.440950000000000035e-14
7.987375100000000202e+03	1.497009999999999924e-14
7.989456400000000031e+03	1.538140000000000022e-14
7.991537800000000061e+03	1.523249999999999972e-14
7.993619099999999889e+03	1.472800000000000108e-14
7.995700499999999920e+03	1.425339999999999925e-14
7.997781899999999951e+03	1.393449999999999953e-14
7.999863199999999779e+03	1.364789999999999996e-14
8.001944599999999809e+03	1.345370000000000008e-14
8.004025999999999840e+03	1.322559999999999939e-14
8.006107299999999668e+03	1.308550000000000013e-14
8.008188699999999699e+03	1.344510000000000069e-14
8.010270000000000437e+03	1.357490000000000055e-14
8.012351399999999558e+03	1.332020000000000057e-14
8.014432799999999588e+03	1.284360000000000068e-14
8.016514100000000326e+03	1.242969999999999922e-14
8.018595500000000357e+03	1.266589999999999939e-14
8.020676800000000185e+03	1.323150000000000053e-14
8.022758200000000215e+03	1.383520000000000046e-14
8.024839600000000246e+03	1.409799999999999992e-14
8.026920900000000074e+03	1.385909999999999992e-14
8.029002300000000105e+03	1.369960000000000039e-14
8.031083700000000135e+03	1.355450000000000046e-14
8.033164999999999964e+03	1.336160000000000002e-14
8.035246399999999994e+03	1.322010000000000039e-14
8.037327699999999822e+03	1.333550000000000064e-14
8.039409099999999853e+03	1.342709999999999921e-14
8.041490499999999884e+03	1.337080000000000025e-14
8.043571799999999712e+03	1.309590000000000046e-14
8.045653199999999742e+03	1.328339999999999966e-14
8.047734599999999773e+03	1.371150000000000044e-14
8.049815899999999601e+03	1.412730000000000061e-14
8.051897299999999632e+03	1.397769999999999992e-14
8.053978600000000370e+03	1.335400000000000045e-14
8.056060000000000400e+03	1.324909999999999987e-14
8.058141400000000431e+03	1.367609999999999991e-14
8.060222700000000259e+03	1.445899999999999928e-14
8.062304100000000290e+03	1.420079999999999993e-14
8.064385500000000320e+03	1.380669999999999931e-14
8.066466800000000148e+03	1.343579999999999953e-14
8.068548200000000179e+03	1.315949999999999936e-14
8.070629500000000007e+03	1.257240000000000053e-14
8.072710900000000038e+03	1.226849999999999967e-14
8.074792300000000068e+03	1.231879999999999972e-14
8.076873599999999897e+03	1.270410000000000068e-14
8.078954999999999927e+03	1.279149999999999969e-14
8.081036399999999958e+03	1.263270000000000035e-14
8.083117699999999786e+03	1.255669999999999990e-14
8.085199099999999817e+03	1.268969999999999950e-14
8.087280399999999645e+03	1.300249999999999937e-14
8.089361799999999675e+03	1.301980000000000066e-14
8.091443199999999706e+03	1.292940000000000061e-14
8.093524500000000444e+03	1.289900000000000075e-14
8.095605899999999565e+03	1.318050000000000029e-14
8.097687200000000303e+03	1.321019999999999997e-14
8.099768600000000333e+03	1.322779999999999931e-14
8.101850000000000364e+03	1.325750000000000056e-14
8.103931300000000192e+03	1.329960000000000020e-14
8.106012700000000223e+03	1.268289999999999947e-14
8.108094100000000253e+03	1.231949999999999991e-14
8.110175400000000081e+03	1.230190000000000057e-14
8.112256800000000112e+03	1.267500000000000027e-14
8.114338099999999940e+03	1.280929999999999931e-14
8.116419499999999971e+03	1.272049999999999992e-14
8.118500900000000001e+03	1.251639999999999962e-14
8.120582199999999830e+03	1.231559999999999999e-14
8.122663599999999860e+03	1.228669999999999985e-14
8.124744999999999891e+03	1.203410000000000044e-14
8.126826299999999719e+03	1.184099999999999973e-14
8.128907699999999750e+03	1.186769999999999995e-14
8.130988999999999578e+03	1.232949999999999968e-14
8.133070399999999609e+03	1.279739999999999926e-14
8.135151799999999639e+03	1.294489999999999939e-14
8.137233100000000377e+03	1.276080000000000020e-14
8.139314500000000407e+03	1.242959999999999987e-14
8.141395900000000438e+03	1.223020000000000061e-14
8.143477200000000266e+03	1.196770000000000078e-14
8.145558600000000297e+03	1.155020000000000060e-14
8.147639900000000125e+03	1.092370000000000038e-14
8.149721300000000156e+03	1.078810000000000031e-14
8.151802700000000186e+03	1.108469999999999965e-14
8.153884000000000015e+03	1.151600000000000017e-14
8.155965400000000045e+03	1.178910000000000060e-14
8.158046800000000076e+03	1.185929999999999926e-14
8.160128099999999904e+03	1.180969999999999940e-14
8.162209499999999935e+03	1.156689999999999948e-14
8.164290799999999763e+03	1.116339999999999992e-14
8.166372199999999793e+03	1.102489999999999974e-14
8.168453599999999824e+03	1.096860000000000078e-14
8.170534899999999652e+03	1.088249999999999964e-14
8.172616299999999683e+03	1.080710000000000003e-14
8.174697699999999713e+03	1.109399999999999923e-14
8.176779000000000451e+03	1.165380000000000016e-14
8.178860399999999572e+03	1.190820000000000051e-14
8.180941700000000310e+03	1.177129999999999941e-14
8.183023100000000341e+03	1.147640000000000008e-14
8.185104500000000371e+03	1.147050000000000051e-14
8.187185800000000199e+03	1.138049999999999944e-14
8.189267200000000230e+03	1.117740000000000054e-14
8.191348500000000058e+03	1.082729999999999984e-14
8.193429899999999179e+03	1.060469999999999974e-14
8.195511300000000119e+03	1.035809999999999924e-14
8.197592599999999948e+03	1.001520000000000071e-14
8.199674000000000888e+03	9.559569999999999259e-15
8.201755400000000009e+03	9.858659999999999944e-15
8.203836699999999837e+03	1.062670000000000049e-14
8.205918100000000777e+03	1.146509999999999928e-14
8.207999400000000605e+03	1.207690000000000027e-14
8.210080799999999726e+03	1.250079999999999992e-14
8.212162200000000666e+03	1.269159999999999979e-14
8.214243500000000495e+03	1.262690000000000013e-14
8.216324899999999616e+03	1.232190000000000011e-14
8.218406300000000556e+03	1.196900000000000023e-14
8.220487600000000384e+03	1.167980000000000019e-14
8.222568999999999505e+03	1.159890000000000000e-14
8.224650299999999334e+03	1.160370000000000039e-14
8.226731700000000274e+03	1.129219999999999996e-14
8.228813099999999395e+03	1.059150000000000023e-14
8.230894399999999223e+03	1.012830000000000012e-14
8.232975800000000163e+03	1.004889999999999966e-14
8.235057199999999284e+03	1.049779999999999952e-14
8.237138499999999112e+03	1.101739999999999952e-14
8.239219900000000052e+03	1.116500000000000058e-14
8.241301199999999881e+03	1.100630000000000058e-14
8.243382600000000821e+03	1.069110000000000051e-14
8.245463999999999942e+03	1.091439999999999923e-14
8.247545299999999770e+03	1.099969999999999925e-14
8.249626700000000710e+03	1.097400000000000043e-14
8.251708099999999831e+03	1.090799999999999975e-14
8.253789399999999659e+03	1.118729999999999938e-14
8.255870800000000600e+03	1.126429999999999965e-14
8.257952100000000428e+03	1.133150000000000042e-14
8.260033499999999549e+03	1.150450000000000067e-14
8.262114900000000489e+03	1.197430000000000053e-14
8.264196200000000317e+03	1.183669999999999925e-14
8.266277599999999438e+03	1.134000000000000046e-14
8.268358899999999267e+03	1.063640000000000063e-14
8.270440300000000207e+03	9.948879999999999268e-15
8.272521699999999328e+03	9.744420000000000675e-15
8.274602999999999156e+03	1.002160000000000018e-14
8.276684400000000096e+03	1.046929999999999994e-14
8.278765799999999217e+03	1.059009999999999985e-14
8.280847100000000864e+03	1.055559999999999979e-14
8.282928499999999985e+03	1.072660000000000040e-14
8.285009799999999814e+03	1.084040000000000000e-14
8.287091200000000754e+03	1.068630000000000012e-14
8.289172599999999875e+03	1.068090000000000046e-14
8.291253899999999703e+03	1.099490000000000044e-14
8.293335300000000643e+03	1.149669999999999924e-14
8.295416699999999764e+03	1.201030000000000033e-14
8.297497999999999593e+03	1.192720000000000022e-14
8.299579400000000533e+03	1.124910000000000050e-14
8.301660700000000361e+03	1.079699999999999933e-14
8.303742099999999482e+03	1.071230000000000014e-14
8.305823500000000422e+03	1.069709999999999942e-14
8.307904800000000250e+03	1.095090000000000051e-14
8.309986199999999371e+03	1.140860000000000004e-14
8.312067600000000311e+03	1.194030000000000038e-14
8.314148900000000140e+03	1.218979999999999940e-14
8.316230299999999261e+03	1.164600000000000031e-14
8.318311600000000908e+03	1.094360000000000057e-14
8.320393000000000029e+03	1.036919999999999976e-14
8.322474399999999150e+03	1.019360000000000061e-14
8.324555700000000797e+03	1.045470000000000006e-14
8.326637099999999919e+03	1.048800000000000003e-14
8.328718500000000859e+03	1.015019999999999994e-14
8.330799800000000687e+03	9.398490000000000199e-15
8.332881199999999808e+03	8.567249999999999732e-15
8.334962499999999636e+03	8.484460000000000609e-15
8.337043900000000576e+03	8.558689999999999451e-15
8.339125299999999697e+03	8.491620000000000512e-15
8.341206599999999526e+03	8.317140000000000091e-15
8.343288000000000466e+03	9.023130000000000347e-15
8.345369399999999587e+03	1.015640000000000072e-14
8.347450699999999415e+03	1.137949999999999963e-14
8.349532100000000355e+03	1.173570000000000017e-14
8.351613400000000183e+03	1.137870000000000009e-14
8.353694799999999304e+03	1.088109999999999926e-14
8.355776200000000244e+03	1.031950000000000055e-14
8.357857500000000073e+03	9.661439999999999472e-15
8.359938899999999194e+03	1.058830000000000050e-14
8.362020200000000841e+03	1.152949999999999930e-14
8.364101599999999962e+03	1.206679999999999957e-14
8.366183000000000902e+03	1.185160000000000034e-14
8.368264300000000731e+03	1.120880000000000022e-14
8.370345699999999852e+03	1.034059999999999925e-14
8.372427100000000792e+03	9.539569999999999723e-15
8.374508400000000620e+03	9.030519999999999862e-15
8.376589799999999741e+03	8.853139999999999335e-15
8.378671099999999569e+03	9.163920000000000018e-15
8.380752500000000509e+03	1.085089999999999967e-14
